,depNO2,p_XCOORD,p_YCOORD,pA_landuseArea_HDres_100_sum,pA_landuseArea_HDres_300_sum,pA_landuseArea_HDres_500_sum,pA_landuseArea_HDres_1000_sum,pA_landuseArea_HDres_5000_sum,pA_landuseArea_Industry_1000_sum,pA_landuseArea_Industry_5000_sum,pA_landuseArea_LDres_300_sum,pA_landuseArea_LDres_500_sum,pA_landuseArea_LDres_1000_sum,pA_landuseArea_LDres_5000_sum,pA_landuseArea_Natural_5000_sum,pA_landuseArea_UrbGreen_1000_sum,pA_landuseArea_UrbGreen_5000_sum,pA_landuseArea_Industry_500_sum,pA_landuseArea_LDres_100_sum,pA_landuseArea_Natural_500_sum,pA_landuseArea_Natural_1000_sum,pA_landuseArea_UrbGreen_500_sum,pA_landuseArea_UrbGreen_300_sum,pA_landuseArea_Industry_100_sum,pA_landuseArea_Industry_300_sum,pA_landuseArea_UrbGreen_100_sum,pA_landuseArea_Natural_300_sum,pA_landuseArea_Port_5000_sum,pA_landuseArea_Natural_100_sum,pA_landuseArea_Port_300_sum,pA_landuseArea_Port_500_sum,pA_landuseArea_Port_1000_sum,pA_EmissionAreaWt_All_100_wtv,pA_EmissionAreaWt_All_300_wtv,pA_EmissionAreaWt_All_500_wtv,pA_EmissionAreaWt_All_1000_wtv,pA_EmissionAreaWt_All_5000_wtv,pB_rdLength_major_25_sum,pB_rdLength_major_50_sum,pB_rdLength_major_100_sum,pB_rdLength_major_300_sum,pB_rdLength_major_500_sum,pB_rdLength_major_1000_sum,pB_rdLength_minor_25_sum,pB_rdLength_minor_50_sum,pB_rdLength_minor_100_sum,pB_rdLength_minor_300_sum,pB_rdLength_minor_500_sum,pB_rdLength_minor_1000_sum,pC_EmissionPoint_Misc_5000_sum,pC_EmissionPoint_Waste_5000_sum,pC_EmissionPoint_Misc_500_sum,pC_EmissionPoint_Misc_1000_sum,pC_EmissionPoint_Misc_300_sum,pC_EmissionPoint_Misc_100_sum,pC_EmissionPoint_Power_5000_sum,pC_EmissionPoint_Waste_1000_sum,pC_EmissionPoint_Waste_500_sum,pC_EmissionPoint_Chemical_5000_sum,pC_EmissionPoint_Waste_300_sum,pD_EmissionAreaVal_NOxEmission_val,pE_majorRdDist_none_dist,pE_majorRdDist_none_invd,pE_majorRdDist_none_invsq,pF_EmPoint_Emission_valinvd,pF_EmPoint_Emission_valinvsq,pG_EmAreaRaster_raster_val
depNO2,1.0,0.015291155892913803,-0.006574940744549539,0.18196864470518553,0.20598230375903956,0.21613417471502716,0.23808266292446129,0.18991306120193516,0.16636142634689605,0.13100362021230633,-0.08787827084843582,-0.07384174482683586,-0.019169700935366345,0.1685504676746154,-0.09535227183352302,-0.10374055121513899,0.037648278724699225,0.12245289527057872,-0.09387303054806621,-0.10698187679801648,-0.14626940209325903,-0.08826705016199986,-0.0816909221455463,0.11217908782093869,0.10512677186414932,-0.051036424348377005,-0.048703329694087014,0.14002262909857902,0.004660231060843619,0.043334371323078005,0.050370716064757015,0.04203103585333583,0.3006181467085904,0.3003647115558153,0.30252332423115336,0.2887153260056657,0.15982166408133974,0.4293536328848613,0.4036338960802247,0.3911270602221509,0.2525090135760551,0.28671331984809395,0.3285676040790117,-0.18478254893653345,-0.05801985506434665,0.02988134577278617,0.1805015805697093,0.20248916505599437,0.2331205016534481,-0.12948927949783165,0.16159280721149735,-0.009999000322925593,-0.03274209407445767,-0.004498045693883408,0.14320448132361058,-0.08042614953495915,0.03442803005011198,0.019446212551153266,-0.0701264148023058,-0.0032790171917107466,0.3067761426956003,-0.3176241908600903,0.16397844830103778,0.0859464192552705,0.018744423396721572,0.018456799505630297,0.3067761426956003
p_XCOORD,0.015291155892913803,1.0,-0.3201388014841452,0.3007789416829303,0.3153636406934726,0.3288720587611539,0.3509767799501609,0.567776919342277,0.09287797882316334,0.11350147280928204,-0.1608745476598597,-0.13732344424688817,-0.0554360529168392,0.456672163568294,0.0772479826732602,-0.03247874525450422,0.23267641512274873,0.06295609806949883,-0.1750537030845631,-0.10609506877416167,-0.16744883304878855,-0.09707020338728117,-0.12669089321381943,0.02634422421618096,0.0453366133747485,-0.08992722163658666,-0.07353921407245817,0.0601271380635687,-0.0470791196406729,0.012173309969855186,0.014461354947887766,0.022898543587658273,0.12412875154512987,0.15766324099741863,0.18203340415197677,0.20302092780259448,0.22984484006501127,-0.028845280409926868,0.017978476000177622,0.07956215522703575,0.129474685531572,0.13282725560929884,0.20860668178932254,0.02622282407016132,0.0624326474606176,0.05596241316804149,0.1603228889612495,0.1977267331123902,0.22304759269824279,-0.045025649807197685,0.12319090547279553,-0.11479742502915109,-0.011084245014553988,-0.09588723495474868,0.023773376069562795,-0.03960622006264465,0.017303628777978204,0.05654080776190433,-0.019853054115129894,-0.03666153465599377,0.12114163844508398,0.03335889465498653,0.0767347762043143,0.06577602588310821,0.024008261147062435,0.0009167824198312695,0.12114163844508398
p_YCOORD,-0.006574940744549539,-0.3201388014841452,1.0,-0.11925973623726621,-0.11595818285629203,-0.10807234497476234,-0.10891998754542326,-0.2714357827252712,-0.15249581475867474,-0.34239322134176975,0.1614019251637193,0.1333498501448527,0.06879934866454976,-0.4462777621198776,0.38203489866415874,-0.05986951328874711,-0.4114453307716875,-0.11746156778747996,0.16125753524194264,0.01643674577456849,0.046972330154391395,-0.06581997100150146,-0.07890137712907619,-0.09511879159033992,-0.10412830368553566,-0.08291070034244506,0.003465821314944129,-0.1817801457167381,0.02764872072032935,-0.032630147311844576,-0.040638585411660946,-0.07012930959854764,-0.061463608075559735,-0.09125668200602649,-0.11231979093825625,-0.17140194472133732,-0.424149517471272,0.09591196379565375,0.06674744349045102,0.06674008621646924,-0.01868362493178207,-0.06673438259556806,-0.15070673826534906,-0.0003310821233531655,0.0373814655117434,0.033616664677885065,0.060408436603611435,0.033871022906663,-0.046301661800125384,-0.11159770522639957,-0.2963915774059955,0.042740692205492474,-0.046047392973529624,0.036593961123394886,-0.029983249455311205,-0.16540410035665862,-0.01004203458374401,0.049058067182587754,-0.23878288612655008,-0.030324262724688623,-0.049879847517742604,-0.07633749227677239,0.09458810724341236,0.10332860053834024,-0.1036951886050407,-0.03622672140494549,-0.049879847517742604
pA_landuseArea_HDres_100_sum,0.18196864470518553,0.3007789416829303,-0.11925973623726621,1.0,0.9842294406700196,0.9545196095237891,0.8892399044135099,0.41634116967908197,0.10153882577154195,0.041059749364301304,-0.5762016958069894,-0.5096069728498761,-0.35348297577293075,0.2986160637901888,-0.133617900693971,-0.1362049208224332,0.12207494931973804,-0.03909205061681198,-0.5902946168654968,-0.08197926258887002,-0.13018885090492543,-0.14663054615744728,-0.13150937063425452,-0.0937728087971476,-0.08593934048274206,-0.08869589522351479,-0.061035306233559634,0.016836554661772023,-0.027026130768486718,-0.020591560972236068,-0.02468394730081436,-0.03581936993031502,0.3454062257498452,0.3618405323306584,0.3747018154762844,0.3437797343656051,0.10296263035780293,-0.005073501888461634,-0.032698184362826295,0.020714774744593163,0.1808030301416637,0.2378934182722575,0.41013856160949674,0.050732026367641445,0.18519669554232535,0.24157805141811706,0.35086902103207795,0.42326057684674895,0.42796705790463835,-0.03998643189555299,-0.004979865959418331,-0.04917228435967717,-0.059597619661846506,-0.04211690842453462,-0.01966854153884265,-0.059937441968158575,-0.034526972706855646,-0.019941806749880404,-0.11583725471924497,-0.027389669271377353,0.35683710843943045,-0.058109468109214815,0.015072122625517532,-0.005259542014914146,-0.05287254576893603,-0.04114955779819293,0.35683710843943045
pA_landuseArea_HDres_300_sum,0.20598230375903956,0.3153636406934726,-0.11595818285629203,0.9842294406700196,1.0,0.9849370852408749,0.9256575056997148,0.4368550451655338,0.10646319860456611,0.046872912507627706,-0.5812246210123244,-0.5216902225711668,-0.35735929118040105,0.31290168963902526,-0.14199602003858616,-0.15394682536181337,0.11471163211851645,-0.037358723436319345,-0.5790612985127419,-0.08653106633935422,-0.13741743629477135,-0.15715738691955253,-0.1395193403092277,-0.08355789418497747,-0.08388849187405033,-0.09352735701452383,-0.06442422102801361,0.03127761195219229,-0.02852672542508914,-0.02173488358214732,-0.026054494928988488,-0.038538376507125174,0.3726160572359124,0.3891434754355584,0.40325030957365243,0.37488171320970226,0.10902096188489009,0.004615903829694708,-0.014972474872358083,0.02124492574113459,0.18491850721126862,0.2567383297277878,0.45150231772435645,0.03639350212664527,0.16633945133383424,0.23498043652450912,0.3645092496589569,0.4430901827145367,0.4566553566480322,-0.04193093921973284,0.006748283261606627,-0.048683796435340924,-0.05648918889164501,-0.0444542395979194,-0.020739020650172718,-0.06326539911889983,-0.03661064864080141,-0.021049052508003145,-0.1211523704241012,-0.028910448982939388,0.37716063500759384,-0.06359648750729938,0.013234994655479863,-0.003603010554150477,-0.05514846537726301,-0.0429848693739595,0.37716063500759384
pA_landuseArea_HDres_500_sum,0.21613417471502716,0.3288720587611539,-0.10807234497476234,0.9545196095237891,0.9849370852408749,1.0,0.9627564765011372,0.46326752465447674,0.12019280687633498,0.057782542534825315,-0.5801715775283611,-0.5371876407467938,-0.3667136584387406,0.3322022609578007,-0.15194412487469985,-0.1680283537685697,0.10704631033627326,-0.010518787013635372,-0.5716378901983483,-0.0916469918504034,-0.14554188682732827,-0.16492018907630168,-0.14655858120671733,-0.046946493187503685,-0.050401432660351506,-0.09893272334881423,-0.06823313648265622,0.05566344030140215,-0.03021329429015509,-0.02301990236328133,-0.027594899559644122,-0.03906820179011542,0.415629388993968,0.42925207360287876,0.44361876851721965,0.41897357566281185,0.12001089912954843,0.01304483140955328,-0.006688357602361959,0.03456145307915836,0.22086908704357894,0.293491380897714,0.4989854589398029,0.013919930414163827,0.13474517928908958,0.20491140757233373,0.3553704891145074,0.4479238082513051,0.4795519129285871,-0.04404130002271412,0.033562065605871876,-0.042512806542581466,-0.05044003849039054,-0.04163846909060818,0.014014135258578716,-0.0670058022251068,-0.03799512549711424,-0.022293470739060517,-0.12645252998904102,-0.030614438474820888,0.41786107945621564,-0.07010580291205504,0.024660179783922098,0.010366906360085724,-0.05751066337696886,-0.04345672949244114,0.41786107945621564
pA_landuseArea_HDres_1000_sum,0.23808266292446129,0.3509767799501609,-0.10891998754542326,0.8892399044135099,0.9256575056997148,0.9627564765011372,1.0,0.526791310370028,0.16604016112598236,0.10229599398232879,-0.574618855146783,-0.5380898976859998,-0.36766851422124486,0.38786783063582764,-0.18328329530457485,-0.19327632660892832,0.11329884118972669,0.07902572912667975,-0.5661300996610765,-0.10265765021391235,-0.16163585893099805,-0.17553236473281716,-0.1573985863979993,0.052168988501465945,0.04914015218665936,-0.11031237150796655,-0.07643080603745742,0.11502782633191101,-0.033843181695603755,-0.025785560846618625,-0.030909042650161034,-0.04104110167953416,0.4681028518940542,0.47983848121604966,0.4976804235779924,0.4833606117193438,0.1634387511304726,0.039240863994003124,0.022275502318227357,0.07978320352793865,0.2853392017157233,0.35702698126791,0.5678215878035483,-0.0002522903348756397,0.12668197938477366,0.19569563375183874,0.3435728757060802,0.45673945683304884,0.5251799351858266,-0.046650355424508655,0.10459243945698372,-0.03362878171089644,-0.03541674549937381,-0.03717434724696345,0.07438181632971887,-0.07505601731430148,-0.009359000143176506,-0.024855906051262765,-0.12501187078865686,-0.022883719510075104,0.4684528866469262,-0.07445167100098175,0.041595233433201956,0.02151945206560563,-0.026732270110951178,-0.006752323017673563,0.4684528866469262
pA_landuseArea_HDres_5000_sum,0.18991306120193516,0.567776919342277,-0.2714357827252712,0.41634116967908197,0.4368550451655338,0.46326752465447674,0.526791310370028,1.0,0.34184950209589043,0.4683033242098201,-0.29908636318113907,-0.2566541914151805,-0.06395350080217085,0.7357145479776604,-0.30752393113603754,-0.042572542127927,0.30777302058786704,0.3082598537283021,-0.3095453415450456,-0.07600180206397611,-0.18596995242520503,-0.07577274906381068,-0.12134339284113535,0.28264795144046667,0.28938333288511775,-0.1338555116050539,-0.04731528640014026,0.38980371996851837,-0.0294806516576122,0.11791673363626337,0.14126003656254016,0.22695840644964704,0.3342817619202982,0.36759740638887883,0.4051359018757542,0.448405798218582,0.5264025833059229,0.026304809909644167,0.06354405701243405,0.14101365596853466,0.24657397550232338,0.3099161035411965,0.534010696244595,0.08715464471097006,0.13978410979770295,0.21976553188600476,0.3629633932822927,0.44772144959596616,0.5624121432576981,-0.06613565800027521,0.3416043005848616,-0.04772547776671151,0.02028730359114174,-0.04344274646590237,0.15074608940432585,-0.11382467680299038,0.12252942283936691,0.007309473811766663,-0.021986336673608085,0.014238699778992954,0.32749051779321237,-0.01823300292527277,0.0035888884557229456,-0.014771921186087856,0.09083241421670095,0.09501902593477998,0.32749051779321237
pA_landuseArea_Industry_1000_sum,0.16636142634689605,0.09287797882316334,-0.15249581475867474,0.10153882577154195,0.10646319860456611,0.12019280687633498,0.16604016112598236,0.34184950209589043,1.0,0.5050613301926592,-0.37371416829945575,-0.4060075825261352,-0.321001372860113,0.26178894926111684,-0.19340240159288896,-0.0932174861994198,0.2269645880558831,0.8651632209920201,-0.3162262338134065,-0.05499418650209692,-0.1539088024597501,-0.05534970127044412,-0.06452587769006107,0.6304211990572475,0.7409801395084291,-0.06441849214704481,-0.0035850477081204616,0.45163293214787764,0.030443609059699957,0.13302715743974572,0.17816183098604316,0.36455605190825496,0.4332998694879724,0.47502861091849236,0.4984658050575794,0.5427072068840865,0.4500427008199418,0.01390873821921823,0.07199076053972268,0.11915913753191823,0.36261040116297993,0.3856985595991546,0.3737766470749587,0.10304801085030026,0.13594070215716017,0.15152655559064215,0.21142343580687714,0.2910136168216573,0.38694978331721747,0.08510994468744214,0.30986593868540036,0.1500425527408583,0.37146943503672136,0.14200536907443848,0.058298124394735126,0.18398402210450823,0.11602129729005548,0.04952218818077263,0.2865350750382084,0.13877952025036158,0.39428770583947215,-0.016691821760685784,-0.03876485997182492,-0.03637195408463166,0.06309439437579711,0.0960727077872074,0.39428770583947215
pA_landuseArea_Industry_5000_sum,0.13100362021230633,0.11350147280928204,-0.34239322134176975,0.041059749364301304,0.046872912507627706,0.057782542534825315,0.10229599398232879,0.4683033242098201,0.5050613301926592,1.0,-0.14756222658944504,-0.12765164955358146,-0.02274274033340943,0.5398713280291073,-0.4547819766499132,0.20766683256692334,0.5340516934521187,0.40183968888877386,-0.15233171236672147,-0.02416949615572803,-0.09222351262383646,0.17654664900185954,0.16238462763486874,0.33634849523038896,0.3497528090751418,0.14398989190789963,-0.003654257844654113,0.8493771585084411,-0.0310511106730687,0.14437992228926888,0.17321562365968257,0.3166460909634625,0.4285930252156881,0.47847396719550583,0.5213544573690208,0.6329357649395201,0.9204049538534661,-0.057256588785980465,0.07495167644556393,0.16206046852508446,0.3853007797189912,0.45996216154074937,0.5429672745917493,0.11829892553431959,0.05262840455583898,0.08360547340499185,0.16057388760832184,0.24320600041192802,0.35630772630512286,0.1532834405128157,0.6012249636367373,-0.01496400882060665,0.3219807508815746,0.0004687609965194966,0.0918228041749292,0.22688031521299756,0.23703694500317551,-0.007736851198392222,0.6288356066349176,0.02972000029620833,0.4099790654489656,0.024977856194004798,-0.06963886238663654,-0.048969658195569844,0.2274541245008103,0.22120671124221486,0.4099790654489656
pA_landuseArea_LDres_300_sum,-0.08787827084843582,-0.1608745476598597,0.1614019251637193,-0.5762016958069894,-0.5812246210123244,-0.5801715775283611,-0.574618855146783,-0.29908636318113907,-0.37371416829945575,-0.14756222658944504,1.0,0.9532136968886699,0.7115730603131323,-0.14717142417908408,0.07370700722932129,-0.00650117182555555,-0.051289500437878874,-0.41571905888510624,0.9336330749485466,-0.04741166426450784,-0.021607913821104392,-0.13781870071050015,-0.18837883730763133,-0.39847947768876274,-0.41659766216956445,-0.21216909888333083,-0.07116711891745119,-0.15725570562512148,-0.046118275552746224,-0.05736597982380335,-0.08195165315335322,-0.12896866673526716,-0.2874304542322136,-0.28669527994168026,-0.29319873321879564,-0.27856316514408486,-0.15766594507590972,0.06116979987851926,0.07900752108399867,0.04798445449347996,-0.15624307412509073,-0.2190190425429342,-0.3203786352244521,-0.042169544529904776,-0.09737463784818787,-0.020052107737243845,0.09448149344846785,0.03073216649289948,-0.10135768427765832,-0.07886032245694928,-0.08673569158933878,-0.1184330216745166,-0.07785545163934093,-0.12191475088347589,-0.07862931830156314,0.01390825583281155,-0.04098040550269031,0.006871861354606991,-0.012487209731255456,-0.021031886039818662,-0.27586244759723905,-0.14324493366968272,0.033486142158017304,0.04106766473842754,0.02199855831910564,0.004363546882364848,-0.27586244759723905
pA_landuseArea_LDres_500_sum,-0.07384174482683586,-0.13732344424688817,0.1333498501448527,-0.5096069728498761,-0.5216902225711668,-0.5371876407467938,-0.5380898976859998,-0.2566541914151805,-0.4060075825261352,-0.12765164955358146,0.9532136968886699,1.0,0.8377353808624314,-0.07685254477091759,0.035001311518219766,-0.0108521269710489,0.015868094686161554,-0.4271093215528669,0.8385199962751345,-0.09678695046411437,-0.07086435740655427,-0.14219585930092313,-0.15642521396902936,-0.35725608091654315,-0.392058267177183,-0.16211049672420527,-0.10391827933103227,-0.17217745730717535,-0.05660539104757702,-0.06933016926744608,-0.09474755873002885,-0.15439424592584333,-0.2840110002360346,-0.2800815124501313,-0.28259064363907016,-0.2622381145185789,-0.13194095900427918,0.039675758460222074,0.060002209830189515,0.03657202855261518,-0.17135819604820063,-0.21503361577037128,-0.29674838663146735,-0.026971925891778836,-0.042863595676541355,0.05093001855819361,0.18907252393304907,0.13200470771268535,0.013204362017422748,-0.06780578496243748,-0.06628745732784347,-0.1198001390753672,-0.08144858577805268,-0.10072813131024981,-0.04390896299191102,0.00603197243120822,-0.06333521865131829,-0.007149887583149954,-0.022433666322916154,-0.02129225634559211,-0.2690941892202412,-0.1329440872009425,0.03390840007232488,0.04535347773284164,0.005672516942074219,-0.017245790990796976,-0.2690941892202412
pA_landuseArea_LDres_1000_sum,-0.019169700935366345,-0.0554360529168392,0.06879934866454976,-0.35348297577293075,-0.35735929118040105,-0.3667136584387406,-0.36766851422124486,-0.06395350080217085,-0.321001372860113,-0.02274274033340943,0.7115730603131323,0.8377353808624314,1.0,0.1695052970930626,-0.12950967304532376,0.002246141175300244,0.1793968005746683,-0.26390134869980186,0.6030598251450225,-0.12165162896601871,-0.17916919244659066,-0.05477153309422311,-0.06519908066084729,-0.179118508066433,-0.20573422140920997,-0.1029040710385995,-0.09650531406963285,-0.1250791718486325,-0.0462619623022542,-0.05405867370220331,-0.07112453858362622,-0.12738423460603673,-0.17193023653221573,-0.15789381309532316,-0.15366950956789005,-0.12429132960477302,-0.003191349031906274,0.01871692855847292,0.046069705811093056,0.02499720592523367,-0.11352154943177886,-0.12838252128678102,-0.14976883500824525,0.05974127941584938,0.07724400804407672,0.18933102111571773,0.33595541488297587,0.3233198159397299,0.33822190245234796,-0.07760026455287852,0.04870430454622879,-0.0955076264081862,-0.0645261250907662,-0.0708401221631971,-0.01845008596205129,-0.011503028592612196,-0.04910741968106512,0.020547249910832368,-0.028612230133216468,0.005048271913620916,-0.15549389737945563,-0.11606173125827134,0.05479754847006068,0.08243617078944869,-0.0006595235017290755,-0.02365431676000566,-0.15549389737945563
pA_landuseArea_LDres_5000_sum,0.1685504676746154,0.456672163568294,-0.4462777621198776,0.2986160637901888,0.31290168963902526,0.3322022609578007,0.38786783063582764,0.7357145479776604,0.26178894926111684,0.5398713280291073,-0.14717142417908408,-0.07685254477091759,0.1695052970930626,1.0,-0.6287049101796233,0.17742172132538855,0.637960523864449,0.24969724849342362,-0.1956397047372894,-0.06646601226867997,-0.1949421041767203,0.09092920833876644,0.039679342037602226,0.2633821018755856,0.25908050472198796,0.025250099635878685,-0.05224599348972746,0.347266998625947,-0.05634012263919547,0.05954805059543105,0.07010883406402223,0.12854325843518435,0.3681689584027016,0.40304703543938764,0.43227815679279546,0.4770841469658604,0.6802862026578701,-0.00301104992898889,0.06995890078454324,0.13843061522593905,0.28042465454887533,0.3371415568750591,0.5153656583355516,0.09393219187752423,0.130566869717151,0.20929511173255463,0.33954939390604877,0.4302091436394427,0.5728954799704439,-0.15001784739710705,0.47743160343150653,-0.023305518487266644,0.05767647495385861,-0.020945376407847896,0.09269384343740746,-0.09749418401054513,0.08462865050621692,0.012630869674759505,0.08125133521501637,-0.019509605902550572,0.36618213164702534,-0.09615119211556175,-0.016057101317974422,-0.010225764469338273,0.13492955038043752,0.08515817284767016,0.36618213164702534
pA_landuseArea_Natural_5000_sum,-0.09535227183352302,0.0772479826732602,0.38203489866415874,-0.133617900693971,-0.14199602003858616,-0.15194412487469985,-0.18328329530457485,-0.30752393113603754,-0.19340240159288896,-0.4547819766499132,0.07370700722932129,0.035001311518219766,-0.12950967304532376,-0.6287049101796233,1.0,-0.18964620304064359,-0.5483122901875402,-0.1803757725605558,0.09049851236749884,0.06650200545121956,0.21447775056884902,-0.1293264636875231,-0.09219902917976269,-0.18435306122379017,-0.1799927234145616,-0.05737440299587879,0.05250697294269701,-0.27481051039281845,0.05408979126239221,-0.04699552003465609,-0.05588033469338495,-0.10164066713733545,-0.27132823311347576,-0.2954050392547045,-0.3135517097684801,-0.3612039404932464,-0.5777640190309903,-0.00887974212544507,-0.08178043967935314,-0.10195710398484374,-0.23045968310577747,-0.28725844568209163,-0.37373169308193155,-0.06775563682149728,-0.07465761453662755,-0.11114090814894814,-0.16637025309511128,-0.24458815177144388,-0.35808785635138296,-0.018379989063589692,-0.32686483797008975,-0.002424738586022877,-0.05939534439679603,-0.011793217710754079,-0.04714766542134137,-0.06087380533768831,-0.07172741139639036,-0.03518350682021047,-0.17910465246426907,-0.01018363757588905,-0.26309251586643306,0.12282501029144512,0.06332561816869837,0.047835695004055157,-0.1093371689209783,-0.07923199811282723,-0.26309251586643306
pA_landuseArea_UrbGreen_1000_sum,-0.10374055121513899,-0.03247874525450422,-0.05986951328874711,-0.1362049208224332,-0.15394682536181337,-0.1680283537685697,-0.19327632660892832,-0.042572542127927,-0.0932174861994198,0.20766683256692334,-0.00650117182555555,-0.0108521269710489,0.002246141175300244,0.17742172132538855,-0.18964620304064359,1.0,0.4045088576666528,-0.06968307086444153,0.011445838649132005,0.07243179204997968,0.06790230189347589,0.8469262461365563,0.7280779411864938,-0.04950636733585543,-0.04567649563755899,0.5484669931375729,0.008183989278747887,0.07548814397103257,-0.055288409204584305,-0.042819416275481956,-0.05132938714504712,-0.07845884878505464,-0.007299183955205141,-0.02939482175583635,-0.03986941214696637,-0.044966098784604905,0.25885040007614335,-0.08199317428513445,-0.0008644136111628275,0.06917622503409768,0.02777099692325287,0.0018124098757568803,-0.056546180209676555,0.04442714932999254,-0.01930980911813453,-0.07880828130004708,-0.14926875260126996,-0.1681174552330142,-0.11260082394929523,0.062026717418564775,0.04436024658360755,-0.02807340660369565,-0.08980551072354624,0.00027810232694921815,-0.04090003029973694,0.012201183388299388,0.15189527066164352,0.03596350581495305,0.16694840931428306,-0.04879071519984871,-0.015075759878120074,0.062160048420116625,-0.041240022904632447,-0.036588223659079114,0.15153929074473776,0.09015570911179244,-0.015075759878120074
pA_landuseArea_UrbGreen_5000_sum,0.037648278724699225,0.23267641512274873,-0.4114453307716875,0.12207494931973804,0.11471163211851645,0.10704631033627326,0.11329884118972669,0.30777302058786704,0.2269645880558831,0.5340516934521187,-0.051289500437878874,0.015868094686161554,0.1793968005746683,0.637960523864449,-0.5483122901875402,0.4045088576666528,1.0,0.20696966946423218,-0.09475066806254412,0.005600974312612746,-0.05099487380946443,0.22504306878765146,0.1614829507978627,0.19770429967304332,0.20558273934271692,0.11962283420769969,-0.02260666283046466,0.2647958371095411,-0.036756669477439725,0.03008212968147433,0.03778192740358233,0.06481416500585482,0.26223519909261955,0.2892739066388892,0.303979630976243,0.35471983574011806,0.6461768253243831,-0.10790376786860141,0.018127912615460245,0.09404808315534766,0.25134100245338153,0.2807463823844885,0.26807051114570907,0.11879547692648978,0.1118308014687985,0.1351041512917747,0.2149054966715768,0.2977548531107117,0.36886662227428013,-0.03307754529133095,0.3941098605362083,-0.05475320884900541,0.1045787823124317,-0.027496291660912834,-0.02472063154149967,0.07155684659695126,0.10085530614239717,-0.031149999595532295,0.2686729076890904,-0.05960637595561945,0.24812644433777084,0.012958552132452936,-0.0759323204108828,-0.06781030690418408,0.11402958442513571,0.06816444431119564,0.24812644433777084
pA_landuseArea_Industry_500_sum,0.12245289527057872,0.06295609806949883,-0.11746156778747996,-0.03909205061681198,-0.037358723436319345,-0.010518787013635372,0.07902572912667975,0.3082598537283021,0.8651632209920201,0.40183968888877386,-0.41571905888510624,-0.4271093215528669,-0.26390134869980186,0.24969724849342362,-0.1803757725605558,-0.06968307086444153,0.20696966946423218,1.0,-0.358531621035487,-0.05657245740558401,-0.12187438473118033,-0.0461123652378965,-0.06278357640616458,0.8436197745527664,0.9543135907882531,-0.06235924069826772,-0.002582242244147444,0.3668183527867415,0.044904809297947684,0.10104435580719362,0.15730191633477353,0.33769023717382685,0.34052875897546475,0.3572761172690121,0.36242123765596906,0.3844698425444745,0.36041937982472394,0.03601354326340678,0.07225680473664436,0.09815049331511344,0.3237797251046779,0.3402307558754476,0.285302145619896,0.08736731635983211,0.14120315925286037,0.13914436233269492,0.13897232736228426,0.21550888316329783,0.3130296283486378,0.051805390868538664,0.3349675781151326,0.20247472693156418,0.33062293623673833,0.19552269995500732,0.11231280894050295,0.06051680930377775,0.14422297171575052,0.043452112443418005,0.16528531998448742,0.15512630494830287,0.30568508098136044,0.004306578971212991,-0.022631391938655168,-0.0251151476938969,0.07790738231416462,0.11548177595285744,0.30568508098136044
pA_landuseArea_LDres_100_sum,-0.09387303054806621,-0.1750537030845631,0.16125753524194264,-0.5902946168654968,-0.5790612985127419,-0.5716378901983483,-0.5661300996610765,-0.3095453415450456,-0.3162262338134065,-0.15233171236672147,0.9336330749485466,0.8385199962751345,0.6030598251450225,-0.1956397047372894,0.09049851236749884,0.011445838649132005,-0.09475066806254412,-0.358531621035487,1.0,-0.008449997464365581,0.005296691652882901,-0.08917429670930133,-0.160188497974315,-0.4182534657690692,-0.383219542800081,-0.2778114246913121,-0.02209079031353174,-0.15691000723493784,-0.0036305627322230664,-0.09329371771441704,-0.11406758871104059,-0.14577951845038215,-0.28468203008323995,-0.28569747837068765,-0.2962251857265818,-0.28359448350450445,-0.17120217461943793,0.08425364831332605,0.10456702556470623,0.05316637567403236,-0.149582547853316,-0.21720131263488862,-0.32367038726779207,-0.08184174786406938,-0.156406503549715,-0.05387981679517542,0.02144309224273413,-0.03960076725092371,-0.14793560212698187,-0.05132298240348231,-0.11715095387614932,-0.12778919071155984,-0.08862027008111244,-0.15271668382443396,-0.09909991774008443,0.03322991660716316,-0.010100787912552723,0.025779251776005492,-0.015413192202245662,-0.0232838173322809,-0.2788305385697133,-0.13897049089444236,0.03668542305067855,0.03416960175054449,0.04962447433343324,0.035008498327178166,-0.2788305385697133
pA_landuseArea_Natural_500_sum,-0.10698187679801648,-0.10609506877416167,0.01643674577456849,-0.08197926258887002,-0.08653106633935422,-0.0916469918504034,-0.10265765021391235,-0.07600180206397611,-0.05499418650209692,-0.02416949615572803,-0.04741166426450784,-0.09678695046411437,-0.12165162896601871,-0.06646601226867997,0.06650200545121956,0.07243179204997968,0.005600974312612746,-0.05657245740558401,-0.008449997464365581,1.0,0.7698982821015989,0.09648745415033479,0.11773157077309805,-0.073507755314267,-0.0636258564551957,0.16758527524639236,0.871269691343595,-0.02183436326254818,0.5091924239910914,-0.013765427416743914,-0.01650118149790769,-0.029356168197956077,-0.05487148149988175,-0.07216198119254544,-0.08557991475467087,-0.10540242607957595,-0.062223646554400644,-0.011587826328897512,-0.03852296848680918,-0.07675377075559235,-0.08520737815672005,-0.09024747174320234,-0.13248151764573324,-0.011137867864153874,0.003482619866179292,0.012210520004031342,-0.13754356457864725,-0.15484335862938817,-0.16289925480180356,-0.023189170464639006,-0.06945013897075711,0.1354534603980748,-0.006576085524935317,-0.027676400111060488,-0.013148390319277326,-0.04006808945035562,-0.02328237913508641,-0.01333106770022629,0.04929210180092843,-0.018309952549596848,-0.04564156125951167,-0.039443165599081675,-0.026207531862830494,-0.017319960911219512,-0.031909484549488144,-0.020713651993887465,-0.04564156125951167
pA_landuseArea_Natural_1000_sum,-0.14626940209325903,-0.16744883304878855,0.046972330154391395,-0.13018885090492543,-0.13741743629477135,-0.14554188682732827,-0.16163585893099805,-0.18596995242520503,-0.1539088024597501,-0.09222351262383646,-0.021607913821104392,-0.07086435740655427,-0.17916919244659066,-0.1949421041767203,0.21447775056884902,0.06790230189347589,-0.05099487380946443,-0.12187438473118033,0.005296691652882901,0.7698982821015989,1.0,0.10371507069338409,0.1184935261863362,-0.0929371645718108,-0.11149768695093105,0.12891581497020257,0.5583443319741018,-0.053255816113900095,0.2703935365879108,-0.021860469599348998,-0.02620504003018296,-0.04661966555896418,-0.12404285912495466,-0.1521882041753288,-0.17187077476207738,-0.19957260401507926,-0.15338930271586793,0.027994448030920823,-0.031042890495158383,-0.1079601243973008,-0.16182286198027596,-0.18452033762284958,-0.22332208580202634,-0.05990181348025755,-0.06731614959876807,-0.046684284955391835,-0.18560683858304589,-0.23066077142493205,-0.3218601395976642,-0.03890719534256458,-0.10874419820355664,0.20301027910676278,-0.001961062550015143,0.07772394644683542,-0.020880571169574796,-0.06199485813573227,-0.037176449117597946,-0.021032548025812267,-0.003886532460285314,-0.015238747847654424,-0.12032426083482713,0.08369414333368305,-0.011769961079055057,-0.020646544008304762,-0.032206731630099114,-0.017371959530406423,-0.12032426083482713
pA_landuseArea_UrbGreen_500_sum,-0.08826705016199986,-0.09707020338728117,-0.06581997100150146,-0.14663054615744728,-0.15715738691955253,-0.16492018907630168,-0.17553236473281716,-0.07577274906381068,-0.05534970127044412,0.17654664900185954,-0.13781870071050015,-0.14219585930092313,-0.05477153309422311,0.09092920833876644,-0.1293264636875231,0.8469262461365563,0.22504306878765146,-0.0461123652378965,-0.08917429670930133,0.09648745415033479,0.10371507069338409,1.0,0.9375123193630933,-0.018306369811377808,-0.028342245766384354,0.709193548575933,0.062200640631283555,0.09128106249897334,-0.034908992549904636,-0.028573344191326077,-0.03425203767590547,-0.055140002803683204,-0.018872874378943746,-0.04399570994525196,-0.051120582526648466,-0.043294202332105,0.21555438320671533,-0.08105888947353579,-0.03114390272188262,0.023815342920785125,0.022981955623988762,0.004330588984319211,-0.024960667731006282,0.06298744819441592,-0.0018360924372269416,-0.087091834283747,-0.22577105713632553,-0.2578572711945602,-0.13279553467793367,0.10861520452886811,0.01450599718574667,-0.019964311711063505,-0.07601171438261366,-0.0007648463181513052,-0.027292540273586106,0.0751606909612333,0.11668800381067701,0.05450666685095578,0.18783020672765113,-0.03800656241811242,-0.021700290364850605,0.05259562420134522,-0.02921449003589236,-0.022693830365713367,0.09233987535447585,0.041007497207552916,-0.021700290364850605
pA_landuseArea_UrbGreen_300_sum,-0.0816909221455463,-0.12669089321381943,-0.07890137712907619,-0.13150937063425452,-0.1395193403092277,-0.14655858120671733,-0.1573985863979993,-0.12134339284113535,-0.06452587769006107,0.16238462763486874,-0.18837883730763133,-0.15642521396902936,-0.06519908066084729,0.039679342037602226,-0.09219902917976269,0.7280779411864938,0.1614829507978627,-0.06278357640616458,-0.160188497974315,0.11773157077309805,0.1184935261863362,0.9375123193630933,1.0,-0.03815131445869639,-0.05315956017335902,0.84735237131443,0.09447403255361492,0.0720033182518751,-0.02646107944495786,-0.022862439853831188,-0.027406142801943183,-0.04873745972570687,-0.008436522531173937,-0.03607756930369945,-0.04231606985332558,-0.03653308800055325,0.18742570697522104,-0.0848865632757322,-0.0365928677350869,0.020579940264886406,0.03849347057901032,0.04479498959422684,0.014483007514331162,0.041549952109560584,-0.012535263301605587,-0.10841524435592861,-0.2559604728374508,-0.2708226147982596,-0.1423000152092874,0.1602091343615922,-0.018070642085024954,-0.03675930784159465,-0.06840382984234267,-0.0247892141528252,-0.02183762797539613,0.10541523818799661,0.0511074133313127,0.007179943488769448,0.21920630299361835,-0.030410257249439125,-0.010359729840993964,0.023364633756326792,-0.018838130882688254,-0.015348514383245804,0.07582571810210248,0.02575581036666913,-0.010359729840993964
pA_landuseArea_Industry_100_sum,0.11217908782093869,0.02634422421618096,-0.09511879159033992,-0.0937728087971476,-0.08355789418497747,-0.046946493187503685,0.052168988501465945,0.28264795144046667,0.6304211990572475,0.33634849523038896,-0.39847947768876274,-0.35725608091654315,-0.179118508066433,0.2633821018755856,-0.18435306122379017,-0.04950636733585543,0.19770429967304332,0.8436197745527664,-0.4182534657690692,-0.073507755314267,-0.0929371645718108,-0.018306369811377808,-0.03815131445869639,1.0,0.9373205839774928,-0.04117668826943608,-0.05410273429072148,0.3365029664846542,-0.02281002186705831,0.22298036266500093,0.2712903416924327,0.3696801366099856,0.24820055084087542,0.25412399385192525,0.2588878376202037,0.2923542898801095,0.31342838720161387,-0.012154567000601926,-0.015063453358515201,0.013167637072059906,0.20567070458105816,0.24812921419787937,0.2376853762977856,0.11858529550787608,0.19567781486968283,0.16003357354350004,0.13101439235422666,0.16204913172711305,0.2554320335705827,-0.009320731978294904,0.3708439202815051,0.23536749590934905,0.3007843108744672,0.24208492293935116,0.23085640912902652,-0.03984701497028383,0.1128733426207214,0.008160788417143286,0.07425647566961732,0.11622147322985588,0.2264404442446345,0.07588445608114815,-0.02955983128499696,-0.01983978443861825,-0.02174611286198335,0.01064736764501458,0.2264404442446345
pA_landuseArea_Industry_300_sum,0.10512677186414932,0.0453366133747485,-0.10412830368553566,-0.08593934048274206,-0.08388849187405033,-0.050401432660351506,0.04914015218665936,0.28938333288511775,0.7409801395084291,0.3497528090751418,-0.41659766216956445,-0.392058267177183,-0.20573422140920997,0.25908050472198796,-0.1799927234145616,-0.04567649563755899,0.20558273934271692,0.9543135907882531,-0.383219542800081,-0.0636258564551957,-0.11149768695093105,-0.028342245766384354,-0.05315956017335902,0.9373205839774928,1.0,-0.0501065989923872,-0.022945073187990796,0.3279431676398516,0.019579075128846324,0.09259656665856492,0.1509358388293784,0.3029229517164495,0.28783312329232336,0.29521008038801966,0.29708032015805386,0.3199206437796264,0.32361692369183637,0.011382034910726228,0.03175473191381657,0.05869134960387978,0.26555914288217297,0.2890790896287316,0.24271846590159438,0.08867476147432991,0.15710931993034505,0.1493630674963358,0.13397391620718546,0.18076908332268898,0.2835604025363113,0.016898073503643835,0.3523815625280358,0.20352880122432018,0.30455848490525933,0.20444332138419305,0.20205685127216136,-0.010037346904331647,0.13215909377772805,0.03898072927643752,0.09624044166134457,0.13184600027273446,0.26040542303403025,0.04242115764557859,-0.027164339936841905,-0.022168014842035382,0.03194736759335366,0.06487455693284214,0.26040542303403025
pA_landuseArea_UrbGreen_100_sum,-0.051036424348377005,-0.08992722163658666,-0.08291070034244506,-0.08869589522351479,-0.09352735701452383,-0.09893272334881423,-0.11031237150796655,-0.1338555116050539,-0.06441849214704481,0.14398989190789963,-0.21216909888333083,-0.16211049672420527,-0.1029040710385995,0.025250099635878685,-0.05737440299587879,0.5484669931375729,0.11962283420769969,-0.06235924069826772,-0.2778114246913121,0.16758527524639236,0.12891581497020257,0.709193548575933,0.84735237131443,-0.04117668826943608,-0.0501065989923872,1.0,0.1545644074661076,0.05970345476071173,-0.014979798330977083,-0.014893240916126017,-0.01785313772023729,-0.031761344716014654,0.04960837185349656,0.022865548822663125,0.020731308395858888,0.013766700866085203,0.16430972330311963,-0.10107046912339344,-0.032203822111720015,0.040814043037529,0.09945871421026148,0.12592398756095727,0.0806074179852719,0.04402738880103019,0.003449889421380599,-0.11749121671380074,-0.25037653679110383,-0.2485788870378015,-0.1472909355334451,0.1742445055373206,-0.014656599070781814,-0.036251374222205444,-0.0473810893206386,-0.030461860791164343,-0.014225649429967102,0.10068247852906212,-0.025413099587940104,-0.014423293728399211,0.25992033811471227,-0.019810102965076497,0.048230187671926474,-0.019151476416282707,-0.043006662514579234,-0.01902128507755676,0.04642684119087321,-0.004501764115210475,0.048230187671926474
pA_landuseArea_Natural_300_sum,-0.048703329694087014,-0.07353921407245817,0.003465821314944129,-0.061035306233559634,-0.06442422102801361,-0.06823313648265622,-0.07643080603745742,-0.04731528640014026,-0.0035850477081204616,-0.003654257844654113,-0.07116711891745119,-0.10391827933103227,-0.09650531406963285,-0.05224599348972746,0.05250697294269701,0.008183989278747887,-0.02260666283046466,-0.002582242244147444,-0.02209079031353174,0.871269691343595,0.5583443319741018,0.062200640631283555,0.09447403255361492,-0.05410273429072148,-0.022945073187990796,0.1545644074661076,1.0,-0.010224709791234826,0.7839987409536641,-0.010248653760528853,-0.012285480914743933,-0.02185629217954668,-0.010539302375655986,-0.02636807608961663,-0.03787578384380324,-0.05828735314448508,-0.046541887204183265,-0.0014312185729364278,-0.017506695280555148,-0.0371752873911502,-0.055579702361704064,-0.05387682845755249,-0.0886821597314024,-0.04997148750422859,-0.020645273889263172,-0.014429140713856065,-0.11559957529640595,-0.11962677418069027,-0.10826994772605869,-0.016112985281479954,-0.06532633212565439,0.1455192555397754,0.004943773180079924,-0.020962063657483224,-0.009789256505515534,-0.029831545595387334,-0.017171552647047592,-0.00992526370460543,0.05240990113543133,-0.013632149469203778,-0.0020073134761601544,-0.03647279676201552,-0.02363392210290369,-0.013130292834734925,-0.022508495445147984,-0.013475863984102608,-0.0020073134761601544
pA_landuseArea_Port_5000_sum,0.14002262909857902,0.0601271380635687,-0.1817801457167381,0.016836554661772023,0.03127761195219229,0.05566344030140215,0.11502782633191101,0.38980371996851837,0.45163293214787764,0.8493771585084411,-0.15725570562512148,-0.17217745730717535,-0.1250791718486325,0.347266998625947,-0.27481051039281845,0.07548814397103257,0.2647958371095411,0.3668183527867415,-0.15691000723493784,-0.02183436326254818,-0.053255816113900095,0.09128106249897334,0.0720033182518751,0.3365029664846542,0.3279431676398516,0.05970345476071173,-0.010224709791234826,1.0,-0.029728278421476722,0.15969354893811102,0.19143119608966427,0.3405626676766559,0.41707481027173277,0.46057661220829504,0.5017703099156243,0.5789908315763251,0.7187947255110476,0.0046217072694640865,0.09920600493411152,0.1766138950943762,0.3907681634038468,0.46403622426509544,0.5315970332174816,0.06882808915722075,0.029031676051571396,0.05918716896604988,0.1438671200953804,0.20349787173440095,0.2847205202780531,0.016748847294343273,0.6410795206149552,0.03035550563674457,0.3490961473671789,0.03317785425022721,0.1525352645683105,0.12413833392878446,0.26720566902761517,-0.02126670464697463,0.5680397380721595,0.0683966958989631,0.40218347617259875,0.018263440391278918,-0.04796352752874076,-0.02866861812256837,0.20003774444385328,0.21633215319602087,0.40218347617259875
pA_landuseArea_Natural_100_sum,0.004660231060843619,-0.0470791196406729,0.02764872072032935,-0.027026130768486718,-0.02852672542508914,-0.03021329429015509,-0.033843181695603755,-0.0294806516576122,0.030443609059699957,-0.0310511106730687,-0.046118275552746224,-0.05660539104757702,-0.0462619623022542,-0.05634012263919547,0.05408979126239221,-0.055288409204584305,-0.036756669477439725,0.044904809297947684,-0.0036305627322230664,0.5091924239910914,0.2703935365879108,-0.034908992549904636,-0.02646107944495786,-0.02281002186705831,0.019579075128846324,-0.014979798330977083,0.7839987409536641,-0.029728278421476722,1.0,-0.004538053035616584,-0.005439949993616186,-0.009677857735297144,-0.007016989624464784,-0.018509844456431168,-0.025850164231740205,-0.039661969202182824,-0.06892931684944355,0.007328443496731248,-0.012930672689575958,-0.03700535890382694,-0.06456911431322687,-0.06760370165743232,-0.09325418700130586,-0.0794258362598124,-0.027698855687727227,-0.007057308668363332,-0.03027382513703832,-0.026450973908556337,-0.03907536609531335,-0.00993315769461983,-0.03669089614808678,0.020345315187080035,-0.007522668830762443,-0.00928189778251633,-0.00433463421043434,-0.013209260377950099,-0.00730526365626978,-0.004394857523380287,-0.025194561701961153,-0.006036248147923363,-0.004250700759061504,-0.024310197271546926,-0.010034773047378464,-0.0058310840187803855,-0.011423772372249003,-0.007922165964105101,-0.004250700759061504
pA_landuseArea_Port_300_sum,0.043334371323078005,0.012173309969855186,-0.032630147311844576,-0.020591560972236068,-0.02173488358214732,-0.02301990236328133,-0.025785560846618625,0.11791673363626337,0.13302715743974572,0.14437992228926888,-0.05736597982380335,-0.06933016926744608,-0.05405867370220331,0.05954805059543105,-0.04699552003465609,-0.042819416275481956,0.03008212968147433,0.10104435580719362,-0.09329371771441704,-0.013765427416743914,-0.021860469599348998,-0.028573344191326077,-0.022862439853831188,0.22298036266500093,0.09259656665856492,-0.014893240916126017,-0.010248653760528853,0.15969354893811102,-0.004538053035616584,1.0,0.9681490800749529,0.7643629944990542,-0.01912384230474822,-0.010846730099628051,0.0010127168853032347,0.02363458270752169,0.12634856216288717,0.07359829642612882,0.10446605574393472,0.04625663483807799,-0.00968773919541993,-0.0012252487924674788,0.07603015629175278,0.046155452107840195,0.08413009050112523,0.1528896598724385,0.09920884789541934,0.09796481367974587,0.08268032974046985,0.006944631841448376,0.1324725988721339,-0.008416087133939638,0.01609394971715504,-0.007071998791244281,-0.003302614251410832,-0.010064307495612969,-0.005893426697121576,-0.0033484991777845774,0.07412810911194707,-0.004599096069143615,-0.019385003205004872,-0.022081400073104718,0.005340230601165082,-0.003938184451282,-0.008732801430370685,-0.0067004218701666,-0.019385003205004872
pA_landuseArea_Port_500_sum,0.050370716064757015,0.014461354947887766,-0.040638585411660946,-0.02468394730081436,-0.026054494928988488,-0.027594899559644122,-0.030909042650161034,0.14126003656254016,0.17816183098604316,0.17321562365968257,-0.08195165315335322,-0.09474755873002885,-0.07112453858362622,0.07010883406402223,-0.05588033469338495,-0.05132938714504712,0.03778192740358233,0.15730191633477353,-0.11406758871104059,-0.01650118149790769,-0.02620504003018296,-0.03425203767590547,-0.027406142801943183,0.2712903416924327,0.1509358388293784,-0.01785313772023729,-0.012285480914743933,0.19143119608966427,-0.005439949993616186,0.9681490800749529,1.0,0.8568898061794118,-0.012769182189835814,-0.004104574775085779,0.00735390858464915,0.029308240448221133,0.15224877501838427,0.10477235126010945,0.1406425831877077,0.08491504796973547,0.027959482629521276,0.02972558847064003,0.0858106636046108,0.03436417944522871,0.06703519380829027,0.13503584769215224,0.1042741525782105,0.1124704862287586,0.10454765388537704,0.00832481455043661,0.1588003286283469,-0.01008870826127917,0.012839499648731042,-0.008477494528455956,-0.003958978935431909,-0.012064497498556113,-0.007032492258803904,-0.004013983075527885,0.08886039971886885,-0.0055131247774363595,-0.013492487124196567,-0.026282092684455704,0.005226393986304258,-0.004778413109661736,-0.010643866368981661,-0.0081228437283861,-0.013492487124196567
pA_landuseArea_Port_1000_sum,0.04203103585333583,0.022898543587658273,-0.07012930959854764,-0.03581936993031502,-0.038538376507125174,-0.03906820179011542,-0.04104110167953416,0.22695840644964704,0.36455605190825496,0.3166460909634625,-0.12896866673526716,-0.15439424592584333,-0.12738423460603673,0.12854325843518435,-0.10164066713733545,-0.07845884878505464,0.06481416500585482,0.33769023717382685,-0.14577951845038215,-0.029356168197956077,-0.04661966555896418,-0.055140002803683204,-0.04873745972570687,0.3696801366099856,0.3029229517164495,-0.031761344716014654,-0.02185629217954668,0.3405626676766559,-0.009677857735297144,0.7643629944990542,0.8568898061794118,1.0,0.0043221276155737285,0.01302116361321238,0.03383045163208933,0.08253095036825658,0.27401835511501654,0.07428308551073255,0.13194524705336813,0.11041654430472857,0.1223462328089621,0.1205684897800767,0.14163337102889298,0.06278139300900912,0.0712943320096214,0.11849093523439361,0.12631886518582788,0.15706352910496119,0.1738808512546609,0.014393206835622367,0.2835970500722493,-0.01214622847061589,0.0731483473696339,-0.015081753709948688,-0.0070431593965220845,-0.02146315509809644,-0.011645305778455278,-0.0067422780779844045,0.15808570074909242,0.03014050809042337,0.005800774787025041,-0.021062523657263806,-0.008905403952190305,-0.009073300350483338,-0.01851072858337885,-0.014023877867014872,0.005800774787025041
pA_EmissionAreaWt_All_100_wtv,0.3006181467085904,0.12412875154512987,-0.061463608075559735,0.3454062257498452,0.3726160572359124,0.415629388993968,0.4681028518940542,0.3342817619202982,0.4332998694879724,0.4285930252156881,-0.2874304542322136,-0.2840110002360346,-0.17193023653221573,0.3681689584027016,-0.27132823311347576,-0.007299183955205141,0.26223519909261955,0.34052875897546475,-0.28468203008323995,-0.05487148149988175,-0.12404285912495466,-0.018872874378943746,-0.008436522531173937,0.24820055084087542,0.28783312329232336,0.04960837185349656,-0.010539302375655986,0.41707481027173277,-0.007016989624464784,-0.01912384230474822,-0.012769182189835814,0.0043221276155737285,1.0,0.9757361936864278,0.9478528692970488,0.867592312822541,0.4468026374464457,-0.029243495694314985,0.0883126335728216,0.2704167395255022,0.5822007740938465,0.688134830596373,0.7096018389272638,-0.0019514372934661005,0.04757439364828808,0.09760896968426692,0.23760859927610722,0.3603049791809085,0.45426510904258094,-0.0626186814581312,0.3147566531477549,0.12223447224308545,0.23635940734085872,0.10602491842402133,0.18567692620817244,0.1271934276038928,-0.002761377636310452,-0.015217800189524148,0.180979128076927,0.034368963448471714,0.9834714127500286,-0.13278495926512612,0.04101222447694278,0.07009256065338144,-0.023112351967771862,0.0030170654072266727,0.9834714127500286
pA_EmissionAreaWt_All_300_wtv,0.3003647115558153,0.15766324099741863,-0.09125668200602649,0.3618405323306584,0.3891434754355584,0.42925207360287876,0.47983848121604966,0.36759740638887883,0.47502861091849236,0.47847396719550583,-0.28669527994168026,-0.2800815124501313,-0.15789381309532316,0.40304703543938764,-0.2954050392547045,-0.02939482175583635,0.2892739066388892,0.3572761172690121,-0.28569747837068765,-0.07216198119254544,-0.1521882041753288,-0.04399570994525196,-0.03607756930369945,0.25412399385192525,0.29521008038801966,0.022865548822663125,-0.02636807608961663,0.46057661220829504,-0.018509844456431168,-0.010846730099628051,-0.004104574775085779,0.01302116361321238,0.9757361936864278,1.0,0.9881224276329085,0.9140384025862666,0.4921012986577021,-0.029005097931501547,0.0861918697589554,0.25618016937306504,0.5964141422907059,0.7105213276217278,0.7442202367387661,0.016473437805499626,0.06442006367758735,0.11942748020642194,0.2671235939142095,0.39416122836675765,0.487314961811367,-0.05219074499599932,0.342401829152754,0.100930047436434,0.32774813437622236,0.0978348386597808,0.19215510658457075,0.13761104035535504,-0.0022998991082955095,-0.010096185875274184,0.21386298689887995,0.01085872954544721,0.947676252094781,-0.12667843176235946,0.02370850184566203,0.05013730286076351,-0.012962067068279152,0.007548864158774359,0.947676252094781
pA_EmissionAreaWt_All_500_wtv,0.30252332423115336,0.18203340415197677,-0.11231979093825625,0.3747018154762844,0.40325030957365243,0.44361876851721965,0.4976804235779924,0.4051359018757542,0.4984658050575794,0.5213544573690208,-0.29319873321879564,-0.28259064363907016,-0.15366950956789005,0.43227815679279546,-0.3135517097684801,-0.03986941214696637,0.303979630976243,0.36242123765596906,-0.2962251857265818,-0.08557991475467087,-0.17187077476207738,-0.051120582526648466,-0.04231606985332558,0.2588878376202037,0.29708032015805386,0.020731308395858888,-0.03787578384380324,0.5017703099156243,-0.025850164231740205,0.0010127168853032347,0.00735390858464915,0.03383045163208933,0.9478528692970488,0.9881224276329085,1.0,0.9501426803542823,0.5323945006079621,-0.037754052306998055,0.08111575579487097,0.25447071341048394,0.5892048894593505,0.7060943200153222,0.7739112320148612,0.028716742115947023,0.0723452732957135,0.13479676429723783,0.2890877439223761,0.42008672368625083,0.518222846402988,-0.026358364308836,0.37237704876799865,0.08006035439335364,0.3200661669722754,0.07863198216178711,0.19236285229761363,0.15870134188495164,0.0036723692818056747,-0.007510292816674246,0.2461639182542672,0.00540166870725963,0.9190646512076249,-0.1231363947916617,0.015806513441914236,0.04095844385198845,0.00841231544840185,0.021268263591732305,0.9190646512076249
pA_EmissionAreaWt_All_1000_wtv,0.2887153260056657,0.20302092780259448,-0.17140194472133732,0.3437797343656051,0.37488171320970226,0.41897357566281185,0.4833606117193438,0.448405798218582,0.5427072068840865,0.6329357649395201,-0.27856316514408486,-0.2622381145185789,-0.12429132960477302,0.4770841469658604,-0.3612039404932464,-0.044966098784604905,0.35471983574011806,0.3844698425444745,-0.28359448350450445,-0.10540242607957595,-0.19957260401507926,-0.043294202332105,-0.03653308800055325,0.2923542898801095,0.3199206437796264,0.013766700866085203,-0.05828735314448508,0.5789908315763251,-0.039661969202182824,0.02363458270752169,0.029308240448221133,0.08253095036825658,0.867592312822541,0.9140384025862666,0.9501426803542823,1.0,0.6469924751020724,-0.06904116582775979,0.05643170701074487,0.22750628524395605,0.5620454132757866,0.6794955258402223,0.7989126947937739,0.06177325385827675,0.08258653214105917,0.1468615260052027,0.2981404100769962,0.42910567472012484,0.5456839479838613,0.05171787845510395,0.4568570094052454,0.04850503653767598,0.3234525357801331,0.04436940266327555,0.19769391981978773,0.23106445679023424,0.011738685327727278,-0.004107917245409938,0.32462989719293356,0.005175710148326693,0.8394686647315625,-0.10736626584774957,0.011957480185432226,0.03919466896838238,0.046409322668885485,0.04067872763170842,0.8394686647315625
pA_EmissionAreaWt_All_5000_wtv,0.15982166408133974,0.22984484006501127,-0.424149517471272,0.10296263035780293,0.10902096188489009,0.12001089912954843,0.1634387511304726,0.5264025833059229,0.4500427008199418,0.9204049538534661,-0.15766594507590972,-0.13194095900427918,-0.003191349031906274,0.6802862026578701,-0.5777640190309903,0.25885040007614335,0.6461768253243831,0.36041937982472394,-0.17120217461943793,-0.062223646554400644,-0.15338930271586793,0.21555438320671533,0.18742570697522104,0.31342838720161387,0.32361692369183637,0.16430972330311963,-0.046541887204183265,0.7187947255110476,-0.06892931684944355,0.12634856216288717,0.15224877501838427,0.27401835511501654,0.4468026374464457,0.4921012986577021,0.5323945006079621,0.6469924751020724,1.0,-0.059954160360664525,0.07895667044905681,0.17844488237842296,0.3999970580686068,0.47552465371235664,0.5772009449537246,0.10441282967235548,0.05267482481131937,0.08205413953860206,0.15325307230512597,0.24271005772306722,0.3707162118194964,0.10353109953289233,0.6381040531051756,-0.0393586736284533,0.24677905854426938,-0.019738239090460824,0.08605838805417905,0.17061027275276003,0.18691980596986485,-0.015655357168160557,0.5040133203478768,0.011632568785968174,0.42984321057388486,-0.00552175850783468,-0.07196526128327656,-0.044759775224863074,0.21021670839830386,0.17460651721991943,0.42984321057388486
pB_rdLength_major_25_sum,0.4293536328848613,-0.028845280409926868,0.09591196379565375,-0.005073501888461634,0.004615903829694708,0.01304483140955328,0.039240863994003124,0.026304809909644167,0.01390873821921823,-0.057256588785980465,0.06116979987851926,0.039675758460222074,0.01871692855847292,-0.00301104992898889,-0.00887974212544507,-0.08199317428513445,-0.10790376786860141,0.03601354326340678,0.08425364831332605,-0.011587826328897512,0.027994448030920823,-0.08105888947353579,-0.0848865632757322,-0.012154567000601926,0.011382034910726228,-0.10107046912339344,-0.0014312185729364278,0.0046217072694640865,0.007328443496731248,0.07359829642612882,0.10477235126010945,0.07428308551073255,-0.029243495694314985,-0.029005097931501547,-0.037754052306998055,-0.06904116582775979,-0.059954160360664525,1.0,0.854986521953366,0.6106081647300582,0.19632585337064573,0.07745095567256145,0.054646300583000476,-0.3580368331325414,-0.2771757344135314,-0.0846740327559832,0.08975038045406096,0.10713444664642517,0.04564894328238241,-0.08647473574788732,-0.07373381787239708,-0.0302568844445699,-0.12669442741012535,-0.03810285509966869,0.01260119093888822,-0.06783685353493708,-0.013417140333632638,0.012481010850166126,-0.07567745209015321,-0.025011410909155502,-0.016906213422901956,-0.38559984385576135,0.31927451307227955,0.16286717804975157,0.019099958288738006,0.017710882340250683,-0.016906213422901956
pB_rdLength_major_50_sum,0.4036338960802247,0.017978476000177622,0.06674744349045102,-0.032698184362826295,-0.014972474872358083,-0.006688357602361959,0.022275502318227357,0.06354405701243405,0.07199076053972268,0.07495167644556393,0.07900752108399867,0.060002209830189515,0.046069705811093056,0.06995890078454324,-0.08178043967935314,-0.0008644136111628275,0.018127912615460245,0.07225680473664436,0.10456702556470623,-0.03852296848680918,-0.031042890495158383,-0.03114390272188262,-0.0365928677350869,-0.015063453358515201,0.03175473191381657,-0.032203822111720015,-0.017506695280555148,0.09920600493411152,-0.012930672689575958,0.10446605574393472,0.1406425831877077,0.13194524705336813,0.0883126335728216,0.0861918697589554,0.08111575579487097,0.05643170701074487,0.07895667044905681,0.854986521953366,1.0,0.8265034475859259,0.3855142370627364,0.26781104925143795,0.19863596692527605,-0.31723118542821904,-0.2696054076458499,-0.09565271688565327,0.09018331338425235,0.12238552922967398,0.10493954304169203,-0.07277564102263807,0.05348506117175068,-0.05646135418741315,-0.14600829275064175,-0.06718482215101994,-0.00926949348634367,-0.03156898308778094,0.06474100597615952,-0.009716339833872328,0.05078841720754809,-0.0455012726615348,0.09299831395186249,-0.3970421312096383,0.2527538201358318,0.1331139014582725,0.1107839742910309,0.11442932296582772,0.09299831395186249
pB_rdLength_major_100_sum,0.3911270602221509,0.07956215522703575,0.06674008621646924,0.020714774744593163,0.02124492574113459,0.03456145307915836,0.07978320352793865,0.14101365596853466,0.11915913753191823,0.16206046852508446,0.04798445449347996,0.03657202855261518,0.02499720592523367,0.13843061522593905,-0.10195710398484374,0.06917622503409768,0.09404808315534766,0.09815049331511344,0.05316637567403236,-0.07675377075559235,-0.1079601243973008,0.023815342920785125,0.020579940264886406,0.013167637072059906,0.05869134960387978,0.040814043037529,-0.0371752873911502,0.1766138950943762,-0.03700535890382694,0.04625663483807799,0.08491504796973547,0.11041654430472857,0.2704167395255022,0.25618016937306504,0.25447071341048394,0.22750628524395605,0.17844488237842296,0.6106081647300582,0.8265034475859259,1.0,0.6547425572903869,0.5039047933607729,0.35741497586464105,-0.25617261922057927,-0.21432908913582616,-0.1393633765540075,0.09303095324827036,0.15521651538932002,0.17070502840719723,-0.030359241444377277,0.12457389823208048,-0.07615386447554967,-0.14037686076265035,-0.08667078478515423,0.05995330757926031,0.020164949646234033,0.09066973489013841,-0.02952358276625065,0.11032155540489845,-0.06566934179041094,0.27726428482474325,-0.39239032583560374,0.23471835166604993,0.15489394368511744,0.14537950534909136,0.15053790790474228,0.27726428482474325
pB_rdLength_major_300_sum,0.2525090135760551,0.129474685531572,-0.01868362493178207,0.1808030301416637,0.18491850721126862,0.22086908704357894,0.2853392017157233,0.24657397550232338,0.36261040116297993,0.3853007797189912,-0.15624307412509073,-0.17135819604820063,-0.11352154943177886,0.28042465454887533,-0.23045968310577747,0.02777099692325287,0.25134100245338153,0.3237797251046779,-0.149582547853316,-0.08520737815672005,-0.16182286198027596,0.022981955623988762,0.03849347057901032,0.20567070458105816,0.26555914288217297,0.09945871421026148,-0.055579702361704064,0.3907681634038468,-0.06456911431322687,-0.00968773919541993,0.027959482629521276,0.1223462328089621,0.5822007740938465,0.5964141422907059,0.5892048894593505,0.5620454132757866,0.3999970580686068,0.19632585337064573,0.3855142370627364,0.6547425572903869,1.0,0.8894685393592677,0.633173882060371,-0.004320330551651519,0.00834768462740023,0.002410986217897034,0.14245124789582075,0.2593781647572985,0.3284566523442155,-0.060747828127350814,0.25258493841894314,-0.0696137214609314,0.16383371761747179,-0.07035089356151714,0.12545522163082276,0.07845270191355538,0.07602616973181812,-0.05633391667546439,0.2637051204366671,-0.03019968235742758,0.5624011039598076,-0.3053536476195721,0.06516168305161307,0.04058783026486766,0.12135319600060729,0.13954293264903309,0.5624011039598076
pB_rdLength_major_500_sum,0.28671331984809395,0.13282725560929884,-0.06673438259556806,0.2378934182722575,0.2567383297277878,0.293491380897714,0.35702698126791,0.3099161035411965,0.3856985595991546,0.45996216154074937,-0.2190190425429342,-0.21503361577037128,-0.12838252128678102,0.3371415568750591,-0.28725844568209163,0.0018124098757568803,0.2807463823844885,0.3402307558754476,-0.21720131263488862,-0.09024747174320234,-0.18452033762284958,0.004330588984319211,0.04479498959422684,0.24812921419787937,0.2890790896287316,0.12592398756095727,-0.05387682845755249,0.46403622426509544,-0.06760370165743232,-0.0012252487924674788,0.02972558847064003,0.1205684897800767,0.688134830596373,0.7105213276217278,0.7060943200153222,0.6794955258402223,0.47552465371235664,0.07745095567256145,0.26781104925143795,0.5039047933607729,0.8894685393592677,1.0,0.803874663501624,0.04651424453588996,0.05043180725183731,0.07573455100832091,0.16907671549035921,0.2632222933763131,0.3599121230437446,-0.05647631426388732,0.3184615443011872,-0.05514483750339363,0.26781281158898934,-0.06331384053432414,0.17969482425928912,0.032995721331892935,0.05146858155703348,-0.05342070885370317,0.2373377714370199,-0.023264714039429174,0.6588433644702553,-0.262006583623582,0.025437171005202836,0.02588505333747785,0.10040659758385913,0.11728655559798179,0.6588433644702553
pB_rdLength_major_1000_sum,0.3285676040790117,0.20860668178932254,-0.15070673826534906,0.41013856160949674,0.45150231772435645,0.4989854589398029,0.5678215878035483,0.534010696244595,0.3737766470749587,0.5429672745917493,-0.3203786352244521,-0.29674838663146735,-0.14976883500824525,0.5153656583355516,-0.37373169308193155,-0.056546180209676555,0.26807051114570907,0.285302145619896,-0.32367038726779207,-0.13248151764573324,-0.22332208580202634,-0.024960667731006282,0.014483007514331162,0.2376853762977856,0.24271846590159438,0.0806074179852719,-0.0886821597314024,0.5315970332174816,-0.09325418700130586,0.07603015629175278,0.0858106636046108,0.14163337102889298,0.7096018389272638,0.7442202367387661,0.7739112320148612,0.7989126947937739,0.5772009449537246,0.054646300583000476,0.19863596692527605,0.35741497586464105,0.633173882060371,0.803874663501624,1.0,0.05213656090126644,0.05753449920174013,0.13752119984965544,0.2598454471022026,0.3707841525727638,0.49613400816066133,-0.046869679209511995,0.4024778747749744,-0.0638812465868601,0.1498125382092931,-0.06260550814708131,0.20414621603693378,0.01598407510035909,-0.003180365581268947,-0.01650013289259116,0.21176494708032084,0.011577420375640255,0.6815347727527485,-0.21509047696473618,0.012326434773935881,0.016705644506232985,0.07018111571560516,0.05770475744630569,0.6815347727527485
pB_rdLength_minor_25_sum,-0.18478254893653345,0.02622282407016132,-0.0003310821233531655,0.050732026367641445,0.03639350212664527,0.013919930414163827,-0.0002522903348756397,0.08715464471097006,0.10304801085030026,0.11829892553431959,-0.042169544529904776,-0.026971925891778836,0.05974127941584938,0.09393219187752423,-0.06775563682149728,0.04442714932999254,0.11879547692648978,0.08736731635983211,-0.08184174786406938,-0.011137867864153874,-0.05990181348025755,0.06298744819441592,0.041549952109560584,0.11858529550787608,0.08867476147432991,0.04402738880103019,-0.04997148750422859,0.06882808915722075,-0.0794258362598124,0.046155452107840195,0.03436417944522871,0.06278139300900912,-0.0019514372934661005,0.016473437805499626,0.028716742115947023,0.06177325385827675,0.10441282967235548,-0.3580368331325414,-0.31723118542821904,-0.25617261922057927,-0.004320330551651519,0.04651424453588996,0.05213656090126644,1.0,0.7688254238925682,0.4733553118779096,0.16979769575831083,0.11524484527888015,0.12579537199343024,0.0002174822186262736,0.10562774651416333,-0.06559702619730103,0.1459383739685808,-0.0624795867043921,-0.04020889845143873,-0.04551457860247061,0.13382099105174333,0.036228872549130965,0.026491827631127916,0.003563562579691501,-0.007620704708723544,0.13805418253123353,-0.13280277320963751,-0.07039667283031956,0.08166589669648713,0.10678569673711528,-0.007620704708723544
pB_rdLength_minor_50_sum,-0.05801985506434665,0.0624326474606176,0.0373814655117434,0.18519669554232535,0.16633945133383424,0.13474517928908958,0.12668197938477366,0.13978410979770295,0.13594070215716017,0.05262840455583898,-0.09737463784818787,-0.042863595676541355,0.07724400804407672,0.130566869717151,-0.07465761453662755,-0.01930980911813453,0.1118308014687985,0.14120315925286037,-0.156406503549715,0.003482619866179292,-0.06731614959876807,-0.0018360924372269416,-0.012535263301605587,0.19567781486968283,0.15710931993034505,0.003449889421380599,-0.020645273889263172,0.029031676051571396,-0.027698855687727227,0.08413009050112523,0.06703519380829027,0.0712943320096214,0.04757439364828808,0.06442006367758735,0.0723452732957135,0.08258653214105917,0.05267482481131937,-0.2771757344135314,-0.2696054076458499,-0.21432908913582616,0.00834768462740023,0.05043180725183731,0.05753449920174013,0.7688254238925682,1.0,0.7399947496102112,0.4056821044118133,0.31202897484631936,0.2779551127732128,-0.03404487006041444,0.07277814792132452,-0.02732505058740936,0.10990370287120074,-0.006911744718473717,-0.050814188751031004,-0.0800572825769159,0.11109697252874999,0.014199826537482857,-0.01515187594177118,-0.0031805778418137584,0.04278191211442748,0.0500866437481421,-0.1042732204313677,-0.06796436242356896,0.023732200616074617,0.053425454262003895,0.04278191211442748
pB_rdLength_minor_100_sum,0.02988134577278617,0.05596241316804149,0.033616664677885065,0.24157805141811706,0.23498043652450912,0.20491140757233373,0.19569563375183874,0.21976553188600476,0.15152655559064215,0.08360547340499185,-0.020052107737243845,0.05093001855819361,0.18933102111571773,0.20929511173255463,-0.11114090814894814,-0.07880828130004708,0.1351041512917747,0.13914436233269492,-0.05387981679517542,0.012210520004031342,-0.046684284955391835,-0.087091834283747,-0.10841524435592861,0.16003357354350004,0.1493630674963358,-0.11749121671380074,-0.014429140713856065,0.05918716896604988,-0.007057308668363332,0.1528896598724385,0.13503584769215224,0.11849093523439361,0.09760896968426692,0.11942748020642194,0.13479676429723783,0.1468615260052027,0.08205413953860206,-0.0846740327559832,-0.09565271688565327,-0.1393633765540075,0.002410986217897034,0.07573455100832091,0.13752119984965544,0.4733553118779096,0.7399947496102112,1.0,0.6929558556566735,0.5552128555789291,0.4690073062351649,-0.05592957047081669,0.0692125674208393,-0.0451399192119867,0.02916332307514424,-0.044006614169415134,-0.04221066327991827,-0.06628814373934723,0.029608489647321722,0.020998545611710807,-0.048252295039347935,-0.032055703217637885,0.09489755060552421,-0.042393860913726586,0.011658079158903436,0.017907258258932687,0.003256783584254231,0.0166887133487893,0.09489755060552421
pB_rdLength_minor_300_sum,0.1805015805697093,0.1603228889612495,0.060408436603611435,0.35086902103207795,0.3645092496589569,0.3553704891145074,0.3435728757060802,0.3629633932822927,0.21142343580687714,0.16057388760832184,0.09448149344846785,0.18907252393304907,0.33595541488297587,0.33954939390604877,-0.16637025309511128,-0.14926875260126996,0.2149054966715768,0.13897232736228426,0.02144309224273413,-0.13754356457864725,-0.18560683858304589,-0.22577105713632553,-0.2559604728374508,0.13101439235422666,0.13397391620718546,-0.25037653679110383,-0.11559957529640595,0.1438671200953804,-0.03027382513703832,0.09920884789541934,0.1042741525782105,0.12631886518582788,0.23760859927610722,0.2671235939142095,0.2890877439223761,0.2981404100769962,0.15325307230512597,0.08975038045406096,0.09018331338425235,0.09303095324827036,0.14245124789582075,0.16907671549035921,0.2598454471022026,0.16979769575831083,0.4056821044118133,0.6929558556566735,1.0,0.9070900838401446,0.7600146806804384,-0.08860511223234149,0.11514623367599629,-0.09674652617159156,0.04093209150477086,-0.07945315527238414,0.014353521426500183,-0.033863446576929614,-0.006591917530235799,0.048118758170453274,-0.033727504456086854,0.07760477552936293,0.23689716523085005,-0.15817436569460502,0.10143053986983348,0.10916646314489294,-0.0049427202035945104,-0.004442348303923928,0.23689716523085005
pB_rdLength_minor_500_sum,0.20248916505599437,0.1977267331123902,0.033871022906663,0.42326057684674895,0.4430901827145367,0.4479238082513051,0.45673945683304884,0.44772144959596616,0.2910136168216573,0.24320600041192802,0.03073216649289948,0.13200470771268535,0.3233198159397299,0.4302091436394427,-0.24458815177144388,-0.1681174552330142,0.2977548531107117,0.21550888316329783,-0.03960076725092371,-0.15484335862938817,-0.23066077142493205,-0.2578572711945602,-0.2708226147982596,0.16204913172711305,0.18076908332268898,-0.2485788870378015,-0.11962677418069027,0.20349787173440095,-0.026450973908556337,0.09796481367974587,0.1124704862287586,0.15706352910496119,0.3603049791809085,0.39416122836675765,0.42008672368625083,0.42910567472012484,0.24271005772306722,0.10713444664642517,0.12238552922967398,0.15521651538932002,0.2593781647572985,0.2632222933763131,0.3707841525727638,0.11524484527888015,0.31202897484631936,0.5552128555789291,0.9070900838401446,1.0,0.8854674709920277,-0.06018942102962474,0.18209576830540716,-0.09224938191578146,0.04089591256631176,-0.07121888116384709,0.02163489346528395,0.04706106826674449,0.004132669667530798,0.025828500477443762,0.029377073571667384,0.06908650052405642,0.3557853234006185,-0.18474083330491217,0.07955899499977324,0.08655355614326313,0.016688202492632004,0.027285827392565545,0.3557853234006185
pB_rdLength_minor_1000_sum,0.2331205016534481,0.22304759269824279,-0.046301661800125384,0.42796705790463835,0.4566553566480322,0.4795519129285871,0.5251799351858266,0.5624121432576981,0.38694978331721747,0.35630772630512286,-0.10135768427765832,0.013204362017422748,0.33822190245234796,0.5728954799704439,-0.35808785635138296,-0.11260082394929523,0.36886662227428013,0.3130296283486378,-0.14793560212698187,-0.16289925480180356,-0.3218601395976642,-0.13279553467793367,-0.1423000152092874,0.2554320335705827,0.2835604025363113,-0.1472909355334451,-0.10826994772605869,0.2847205202780531,-0.03907536609531335,0.08268032974046985,0.10454765388537704,0.1738808512546609,0.45426510904258094,0.487314961811367,0.518222846402988,0.5456839479838613,0.3707162118194964,0.04564894328238241,0.10493954304169203,0.17070502840719723,0.3284566523442155,0.3599121230437446,0.49613400816066133,0.12579537199343024,0.2779551127732128,0.4690073062351649,0.7600146806804384,0.8854674709920277,1.0,-0.05009636844614343,0.29263256567380713,-0.06289106171613026,0.04601320607324764,-0.05141002765346954,0.06450612718269126,0.04074917587442996,0.052729591339176186,0.026081633388868184,0.07555286117420888,0.09545788498430936,0.4488397887653355,-0.14457499622483888,0.049157513766527154,0.06606383121154605,0.037190991557233065,0.05282488839215376,0.4488397887653355
pC_EmissionPoint_Misc_5000_sum,-0.12948927949783165,-0.045025649807197685,-0.11159770522639957,-0.03998643189555299,-0.04193093921973284,-0.04404130002271412,-0.046650355424508655,-0.06613565800027521,0.08510994468744214,0.1532834405128157,-0.07886032245694928,-0.06780578496243748,-0.07760026455287852,-0.15001784739710705,-0.018379989063589692,0.062026717418564775,-0.03307754529133095,0.051805390868538664,-0.05132298240348231,-0.023189170464639006,-0.03890719534256458,0.10861520452886811,0.1602091343615922,-0.009320731978294904,0.016898073503643835,0.1742445055373206,-0.016112985281479954,0.016748847294343273,-0.00993315769461983,0.006944631841448376,0.00832481455043661,0.014393206835622367,-0.0626186814581312,-0.05219074499599932,-0.026358364308836,0.05171787845510395,0.10353109953289233,-0.08647473574788732,-0.07277564102263807,-0.030359241444377277,-0.060747828127350814,-0.05647631426388732,-0.046869679209511995,0.0002174822186262736,-0.03404487006041444,-0.05592957047081669,-0.08860511223234149,-0.06018942102962474,-0.05009636844614343,1.0,-0.006805788909366026,-0.012374981192994789,0.001822044196909456,-0.009963795971482538,-0.0048179354414711936,0.5818466870323906,0.00789239423276092,-0.008163822797690772,0.38790236546414214,-0.00232203177244387,-0.06216388083577181,-0.003638324524855522,-0.028801874428705833,-0.01078015916945027,0.1423810771017901,0.06350953063223187,-0.06216388083577181
pC_EmissionPoint_Waste_5000_sum,0.16159280721149735,0.12319090547279553,-0.2963915774059955,-0.004979865959418331,0.006748283261606627,0.033562065605871876,0.10459243945698372,0.3416043005848616,0.30986593868540036,0.6012249636367373,-0.08673569158933878,-0.06628745732784347,0.04870430454622879,0.47743160343150653,-0.32686483797008975,0.04436024658360755,0.3941098605362083,0.3349675781151326,-0.11715095387614932,-0.06945013897075711,-0.10874419820355664,0.01450599718574667,-0.018070642085024954,0.3708439202815051,0.3523815625280358,-0.014656599070781814,-0.06532633212565439,0.6410795206149552,-0.03669089614808678,0.1324725988721339,0.1588003286283469,0.2835970500722493,0.3147566531477549,0.342401829152754,0.37237704876799865,0.4568570094052454,0.6381040531051756,-0.07373381787239708,0.05348506117175068,0.12457389823208048,0.25258493841894314,0.3184615443011872,0.4024778747749744,0.10562774651416333,0.07277814792132452,0.0692125674208393,0.11514623367599629,0.18209576830540716,0.29263256567380713,-0.006805788909366026,1.0,0.012131923711809234,0.2566488579324822,0.01640723153751383,0.12651753487527814,-0.07077907938901438,0.21998495584741046,-0.01946256942828692,0.17073807117116452,0.050132256286960095,0.3136703832664622,0.034853268227723576,-0.07181191862218234,-0.035744446880323626,0.27745095157401606,0.2090443249920027,0.3136703832664622
pC_EmissionPoint_Misc_500_sum,-0.009999000322925593,-0.11479742502915109,0.042740692205492474,-0.04917228435967717,-0.048683796435340924,-0.042512806542581466,-0.03362878171089644,-0.04772547776671151,0.1500425527408583,-0.01496400882060665,-0.1184330216745166,-0.1198001390753672,-0.0955076264081862,-0.023305518487266644,-0.002424738586022877,-0.02807340660369565,-0.05475320884900541,0.20247472693156418,-0.12778919071155984,0.1354534603980748,0.20301027910676278,-0.019964311711063505,-0.03675930784159465,0.23536749590934905,0.20352880122432018,-0.036251374222205444,0.1455192555397754,0.03035550563674457,0.020345315187080035,-0.008416087133939638,-0.01008870826127917,-0.01214622847061589,0.12223447224308545,0.100930047436434,0.08006035439335364,0.04850503653767598,-0.0393586736284533,-0.0302568844445699,-0.05646135418741315,-0.07615386447554967,-0.0696137214609314,-0.05514483750339363,-0.0638812465868601,-0.06559702619730103,-0.02732505058740936,-0.0451399192119867,-0.09674652617159156,-0.09224938191578146,-0.06289106171613026,-0.012374981192994789,0.012131923711809234,1.0,0.2058515555000631,0.8549239133295461,0.03834741406540839,-0.024497352816992623,0.0904625847218467,0.07260083001408851,-0.012882163256586268,-0.011194578374534641,0.11193283029347756,0.05358321517617021,-0.013663551722512591,-0.010367863446124755,0.014801487419653207,0.11200074840286302,0.11193283029347756
pC_EmissionPoint_Misc_1000_sum,-0.03274209407445767,-0.011084245014553988,-0.046047392973529624,-0.059597619661846506,-0.05648918889164501,-0.05044003849039054,-0.03541674549937381,0.02028730359114174,0.37146943503672136,0.3219807508815746,-0.07785545163934093,-0.08144858577805268,-0.0645261250907662,0.05767647495385861,-0.05939534439679603,-0.08980551072354624,0.1045787823124317,0.33062293623673833,-0.08862027008111244,-0.006576085524935317,-0.001961062550015143,-0.07601171438261366,-0.06840382984234267,0.3007843108744672,0.30455848490525933,-0.0473810893206386,0.004943773180079924,0.3490961473671789,-0.007522668830762443,0.01609394971715504,0.012839499648731042,0.0731483473696339,0.23635940734085872,0.32774813437622236,0.3200661669722754,0.3234525357801331,0.24677905854426938,-0.12669442741012535,-0.14600829275064175,-0.14037686076265035,0.16383371761747179,0.26781281158898934,0.1498125382092931,0.1459383739685808,0.10990370287120074,0.02916332307514424,0.04093209150477086,0.04089591256631176,0.04601320607324764,0.001822044196909456,0.2566488579324822,0.2058515555000631,1.0,0.17416952668123997,0.08451167393117842,-0.03201840721475719,0.004538545547145246,0.007134368304831165,0.17624835583194354,-0.01463148168175699,0.19649059913202932,0.050428816221056466,-0.036911720188883626,-0.014151127577859872,-0.016721657378652277,0.011367121140667218,0.19649059913202932
pC_EmissionPoint_Misc_300_sum,-0.004498045693883408,-0.09588723495474868,0.036593961123394886,-0.04211690842453462,-0.0444542395979194,-0.04163846909060818,-0.03717434724696345,-0.04344274646590237,0.14200536907443848,0.0004687609965194966,-0.12191475088347589,-0.10072813131024981,-0.0708401221631971,-0.020945376407847896,-0.011793217710754079,0.00027810232694921815,-0.027496291660912834,0.19552269995500732,-0.15271668382443396,-0.027676400111060488,0.07772394644683542,-0.0007648463181513052,-0.0247892141528252,0.24208492293935116,0.20444332138419305,-0.030461860791164343,-0.020962063657483224,0.03317785425022721,-0.00928189778251633,-0.007071998791244281,-0.008477494528455956,-0.015081753709948688,0.10602491842402133,0.0978348386597808,0.07863198216178711,0.04436940266327555,-0.019738239090460824,-0.03810285509966869,-0.06718482215101994,-0.08667078478515423,-0.07035089356151714,-0.06331384053432414,-0.06260550814708131,-0.0624795867043921,-0.006911744718473717,-0.044006614169415134,-0.07945315527238414,-0.07121888116384709,-0.05141002765346954,-0.009963795971482538,0.01640723153751383,0.8549239133295461,0.17416952668123997,1.0,0.04720117438600831,-0.020585011389890037,0.10986253628831939,0.08708057898536821,-0.004710393963802808,-0.009406752030160849,0.0699731783311277,0.07660509114194958,-0.009249000571783662,-0.00854947326876008,0.017728700045705113,0.12278426804726386,0.0699731783311277
pC_EmissionPoint_Misc_100_sum,0.14320448132361058,0.023773376069562795,-0.029983249455311205,-0.01966854153884265,-0.020739020650172718,0.014014135258578716,0.07438181632971887,0.15074608940432585,0.058298124394735126,0.0918228041749292,-0.07862931830156314,-0.04390896299191102,-0.01845008596205129,0.09269384343740746,-0.04714766542134137,-0.04090003029973694,-0.02472063154149967,0.11231280894050295,-0.09909991774008443,-0.013148390319277326,-0.020880571169574796,-0.027292540273586106,-0.02183762797539613,0.23085640912902652,0.20205685127216136,-0.014225649429967102,-0.009789256505515534,0.1525352645683105,-0.00433463421043434,-0.003302614251410832,-0.003958978935431909,-0.0070431593965220845,0.18567692620817244,0.19215510658457075,0.19236285229761363,0.19769391981978773,0.08605838805417905,0.01260119093888822,-0.00926949348634367,0.05995330757926031,0.12545522163082276,0.17969482425928912,0.20414621603693378,-0.04020889845143873,-0.050814188751031004,-0.04221066327991827,0.014353521426500183,0.02163489346528395,0.06450612718269126,-0.0048179354414711936,0.12651753487527814,0.03834741406540839,0.08451167393117842,0.04720117438600831,1.0,-0.009613173586210982,-0.005635419808510364,-0.003198402260996069,-0.01926618994826342,-0.004392940981941456,0.17659015511784892,-0.019746432531328056,-0.002915472545441252,-0.004123395339501134,-0.005621117243587571,0.01584521610348433,0.17659015511784892
pC_EmissionPoint_Power_5000_sum,-0.08042614953495915,-0.03960622006264465,-0.16540410035665862,-0.059937441968158575,-0.06326539911889983,-0.0670058022251068,-0.07505601731430148,-0.11382467680299038,0.18398402210450823,0.22688031521299756,0.01390825583281155,0.00603197243120822,-0.011503028592612196,-0.09749418401054513,-0.06087380533768831,0.012201183388299388,0.07155684659695126,0.06051680930377775,0.03322991660716316,-0.04006808945035562,-0.06199485813573227,0.0751606909612333,0.10541523818799661,-0.03984701497028383,-0.010037346904331647,0.10068247852906212,-0.029831545595387334,0.12413833392878446,-0.013209260377950099,-0.010064307495612969,-0.012064497498556113,-0.02146315509809644,0.1271934276038928,0.13761104035535504,0.15870134188495164,0.23106445679023424,0.17061027275276003,-0.06783685353493708,-0.03156898308778094,0.020164949646234033,0.07845270191355538,0.032995721331892935,0.01598407510035909,-0.04551457860247061,-0.0800572825769159,-0.06628814373934723,-0.033863446576929614,0.04706106826674449,0.04074917587442996,0.5818466870323906,-0.07077907938901438,-0.024497352816992623,-0.03201840721475719,-0.020585011389890037,-0.009613173586210982,1.0,-0.012656637643878808,-0.009746734374314628,0.6513122170773215,-0.01338694303564274,0.1228117300033008,-0.027675189160107673,-0.03159884291370353,-0.013058784142556476,0.06534664756535824,0.018343175962314853,0.1228117300033008
pC_EmissionPoint_Waste_1000_sum,0.03442803005011198,0.017303628777978204,-0.01004203458374401,-0.034526972706855646,-0.03661064864080141,-0.03799512549711424,-0.009359000143176506,0.12252942283936691,0.11602129729005548,0.23703694500317551,-0.04098040550269031,-0.06333521865131829,-0.04910741968106512,0.08462865050621692,-0.07172741139639036,0.15189527066164352,0.10085530614239717,0.14422297171575052,-0.010100787912552723,-0.02328237913508641,-0.037176449117597946,0.11668800381067701,0.0511074133313127,0.1128733426207214,0.13215909377772805,-0.025413099587940104,-0.017171552647047592,0.26720566902761517,-0.00730526365626978,-0.005893426697121576,-0.007032492258803904,-0.011645305778455278,-0.002761377636310452,-0.0022998991082955095,0.0036723692818056747,0.011738685327727278,0.18691980596986485,-0.013417140333632638,0.06474100597615952,0.09066973489013841,0.07602616973181812,0.05146858155703348,-0.003180365581268947,0.13382099105174333,0.11109697252874999,0.029608489647321722,-0.006591917530235799,0.004132669667530798,0.052729591339176186,0.00789239423276092,0.21998495584741046,0.0904625847218467,0.004538545547145246,0.10986253628831939,-0.005635419808510364,-0.012656637643878808,1.0,0.018084011514483883,0.1266636262060809,-0.007609461967593672,-0.00431896318056046,0.18504427242846022,-0.016298566736196146,-0.007547497093475662,0.7366328998490299,0.8056734424656726,-0.00431896318056046
pC_EmissionPoint_Waste_500_sum,0.019446212551153266,0.05654080776190433,0.049058067182587754,-0.019941806749880404,-0.021049052508003145,-0.022293470739060517,-0.024855906051262765,0.007309473811766663,0.04952218818077263,-0.007736851198392222,0.006871861354606991,-0.007149887583149954,0.020547249910832368,0.012630869674759505,-0.03518350682021047,0.03596350581495305,-0.031149999595532295,0.043452112443418005,0.025779251776005492,-0.01333106770022629,-0.021032548025812267,0.05450666685095578,0.007179943488769448,0.008160788417143286,0.03898072927643752,-0.014423293728399211,-0.00992526370460543,-0.02126670464697463,-0.004394857523380287,-0.0033484991777845774,-0.004013983075527885,-0.0067422780779844045,-0.015217800189524148,-0.010096185875274184,-0.007510292816674246,-0.004107917245409938,-0.015655357168160557,0.012481010850166126,-0.009716339833872328,-0.02952358276625065,-0.05633391667546439,-0.05342070885370317,-0.01650013289259116,0.036228872549130965,0.014199826537482857,0.020998545611710807,0.048118758170453274,0.025828500477443762,0.026081633388868184,-0.008163822797690772,-0.01946256942828692,0.07260083001408851,0.007134368304831165,0.08708057898536821,-0.003198402260996069,-0.009746734374314628,0.018084011514483883,1.0,-0.01902396432423518,0.005588313796720895,-0.015611420153551698,-0.019761804798231995,-0.0028053205937385653,-0.0041740737669375035,-0.006670237647323176,0.00015682143162521744,-0.015611420153551698
pC_EmissionPoint_Chemical_5000_sum,-0.0701264148023058,-0.019853054115129894,-0.23878288612655008,-0.11583725471924497,-0.1211523704241012,-0.12645252998904102,-0.12501187078865686,-0.021986336673608085,0.2865350750382084,0.6288356066349176,-0.012487209731255456,-0.022433666322916154,-0.028612230133216468,0.08125133521501637,-0.17910465246426907,0.16694840931428306,0.2686729076890904,0.16528531998448742,-0.015413192202245662,0.04929210180092843,-0.003886532460285314,0.18783020672765113,0.21920630299361835,0.07425647566961732,0.09624044166134457,0.25992033811471227,0.05240990113543133,0.5680397380721595,-0.025194561701961153,0.07412810911194707,0.08886039971886885,0.15808570074909242,0.180979128076927,0.21386298689887995,0.2461639182542672,0.32462989719293356,0.5040133203478768,-0.07567745209015321,0.05078841720754809,0.11032155540489845,0.2637051204366671,0.2373377714370199,0.21176494708032084,0.026491827631127916,-0.01515187594177118,-0.048252295039347935,-0.033727504456086854,0.029377073571667384,0.07555286117420888,0.38790236546414214,0.17073807117116452,-0.012882163256586268,0.17624835583194354,-0.004710393963802808,-0.01926618994826342,0.6513122170773215,0.1266636262060809,-0.01902396432423518,1.0,0.02425660169927902,0.16894444643982057,0.0014882017693064616,-0.05763209282393582,-0.0258557352919089,0.1262317930116101,0.11383767546293704,0.16894444643982057
pC_EmissionPoint_Waste_300_sum,-0.0032790171917107466,-0.03666153465599377,-0.030324262724688623,-0.027389669271377353,-0.028910448982939388,-0.030614438474820888,-0.022883719510075104,0.014238699778992954,0.13877952025036158,0.02972000029620833,-0.021031886039818662,-0.02129225634559211,0.005048271913620916,-0.019509605902550572,-0.01018363757588905,-0.04879071519984871,-0.05960637595561945,0.15512630494830287,-0.0232838173322809,-0.018309952549596848,-0.015238747847654424,-0.03800656241811242,-0.030410257249439125,0.11622147322985588,0.13184600027273446,-0.019810102965076497,-0.013632149469203778,0.0683966958989631,-0.006036248147923363,-0.004599096069143615,-0.0055131247774363595,0.03014050809042337,0.034368963448471714,0.01085872954544721,0.00540166870725963,0.005175710148326693,0.011632568785968174,-0.025011410909155502,-0.0455012726615348,-0.06566934179041094,-0.03019968235742758,-0.023264714039429174,0.011577420375640255,0.003563562579691501,-0.0031805778418137584,-0.032055703217637885,0.07760477552936293,0.06908650052405642,0.09545788498430936,-0.00232203177244387,0.050132256286960095,-0.011194578374534641,-0.01463148168175699,-0.009406752030160849,-0.004392940981941456,-0.01338694303564274,-0.007609461967593672,0.005588313796720895,0.02425660169927902,1.0,0.03167140413891603,0.005010600051072859,-0.0139609641425919,-0.005957055851482313,-0.012196930635453582,-0.008227678687161802,0.03167140413891603
pD_EmissionAreaVal_NOxEmission_val,0.3067761426956003,0.12114163844508398,-0.049879847517742604,0.35683710843943045,0.37716063500759384,0.41786107945621564,0.4684528866469262,0.32749051779321237,0.39428770583947215,0.4099790654489656,-0.27586244759723905,-0.2690941892202412,-0.15549389737945563,0.36618213164702534,-0.26309251586643306,-0.015075759878120074,0.24812644433777084,0.30568508098136044,-0.2788305385697133,-0.04564156125951167,-0.12032426083482713,-0.021700290364850605,-0.010359729840993964,0.2264404442446345,0.26040542303403025,0.048230187671926474,-0.0020073134761601544,0.40218347617259875,-0.004250700759061504,-0.019385003205004872,-0.013492487124196567,0.005800774787025041,0.9834714127500286,0.947676252094781,0.9190646512076249,0.8394686647315625,0.42984321057388486,-0.016906213422901956,0.09299831395186249,0.27726428482474325,0.5624011039598076,0.6588433644702553,0.6815347727527485,-0.007620704708723544,0.04278191211442748,0.09489755060552421,0.23689716523085005,0.3557853234006185,0.4488397887653355,-0.06216388083577181,0.3136703832664622,0.11193283029347756,0.19649059913202932,0.0699731783311277,0.17659015511784892,0.1228117300033008,-0.00431896318056046,-0.015611420153551698,0.16894444643982057,0.03167140413891603,1.0,-0.13267571608019363,0.055867398413701086,0.08464472518299807,-0.020135323199165292,0.00023876702414297134,1.0
pE_majorRdDist_none_dist,-0.3176241908600903,0.03335889465498653,-0.07633749227677239,-0.058109468109214815,-0.06359648750729938,-0.07010580291205504,-0.07445167100098175,-0.01823300292527277,-0.016691821760685784,0.024977856194004798,-0.14324493366968272,-0.1329440872009425,-0.11606173125827134,-0.09615119211556175,0.12282501029144512,0.062160048420116625,0.012958552132452936,0.004306578971212991,-0.13897049089444236,-0.039443165599081675,0.08369414333368305,0.05259562420134522,0.023364633756326792,0.07588445608114815,0.04242115764557859,-0.019151476416282707,-0.03647279676201552,0.018263440391278918,-0.024310197271546926,-0.022081400073104718,-0.026282092684455704,-0.021062523657263806,-0.13278495926512612,-0.12667843176235946,-0.1231363947916617,-0.10736626584774957,-0.00552175850783468,-0.38559984385576135,-0.3970421312096383,-0.39239032583560374,-0.3053536476195721,-0.262006583623582,-0.21509047696473618,0.13805418253123353,0.0500866437481421,-0.042393860913726586,-0.15817436569460502,-0.18474083330491217,-0.14457499622483888,-0.003638324524855522,0.034853268227723576,0.05358321517617021,0.050428816221056466,0.07660509114194958,-0.019746432531328056,-0.027675189160107673,0.18504427242846022,-0.019761804798231995,0.0014882017693064616,0.005010600051072859,-0.13267571608019363,1.0,-0.10723260297132121,-0.032019592126261126,-0.025977199215302876,-0.020152237240565224,-0.13267571608019363
pE_majorRdDist_none_invd,0.16397844830103778,0.0767347762043143,0.09458810724341236,0.015072122625517532,0.013234994655479863,0.024660179783922098,0.041595233433201956,0.0035888884557229456,-0.03876485997182492,-0.06963886238663654,0.033486142158017304,0.03390840007232488,0.05479754847006068,-0.016057101317974422,0.06332561816869837,-0.041240022904632447,-0.0759323204108828,-0.022631391938655168,0.03668542305067855,-0.026207531862830494,-0.011769961079055057,-0.02921449003589236,-0.018838130882688254,-0.02955983128499696,-0.027164339936841905,-0.043006662514579234,-0.02363392210290369,-0.04796352752874076,-0.010034773047378464,0.005340230601165082,0.005226393986304258,-0.008905403952190305,0.04101222447694278,0.02370850184566203,0.015806513441914236,0.011957480185432226,-0.07196526128327656,0.31927451307227955,0.2527538201358318,0.23471835166604993,0.06516168305161307,0.025437171005202836,0.012326434773935881,-0.13280277320963751,-0.1042732204313677,0.011658079158903436,0.10143053986983348,0.07955899499977324,0.049157513766527154,-0.028801874428705833,-0.07181191862218234,-0.013663551722512591,-0.036911720188883626,-0.009249000571783662,-0.002915472545441252,-0.03159884291370353,-0.016298566736196146,-0.0028053205937385653,-0.05763209282393582,-0.0139609641425919,0.055867398413701086,-0.10723260297132121,1.0,0.9390914425799836,-0.020820618838491234,-0.013215546280580316,0.055867398413701086
pE_majorRdDist_none_invsq,0.0859464192552705,0.06577602588310821,0.10332860053834024,-0.005259542014914146,-0.003603010554150477,0.010366906360085724,0.02151945206560563,-0.014771921186087856,-0.03637195408463166,-0.048969658195569844,0.04106766473842754,0.04535347773284164,0.08243617078944869,-0.010225764469338273,0.047835695004055157,-0.036588223659079114,-0.06781030690418408,-0.0251151476938969,0.03416960175054449,-0.017319960911219512,-0.020646544008304762,-0.022693830365713367,-0.015348514383245804,-0.01983978443861825,-0.022168014842035382,-0.01902128507755676,-0.013130292834734925,-0.02866861812256837,-0.0058310840187803855,-0.003938184451282,-0.004778413109661736,-0.009073300350483338,0.07009256065338144,0.05013730286076351,0.04095844385198845,0.03919466896838238,-0.044759775224863074,0.16286717804975157,0.1331139014582725,0.15489394368511744,0.04058783026486766,0.02588505333747785,0.016705644506232985,-0.07039667283031956,-0.06796436242356896,0.017907258258932687,0.10916646314489294,0.08655355614326313,0.06606383121154605,-0.01078015916945027,-0.035744446880323626,-0.010367863446124755,-0.014151127577859872,-0.00854947326876008,-0.004123395339501134,-0.013058784142556476,-0.007547497093475662,-0.0041740737669375035,-0.0258557352919089,-0.005957055851482313,0.08464472518299807,-0.032019592126261126,0.9390914425799836,1.0,-0.011960648512530458,-0.00899573556547268,0.08464472518299807
pF_EmPoint_Emission_valinvd,0.018744423396721572,0.024008261147062435,-0.1036951886050407,-0.05287254576893603,-0.05514846537726301,-0.05751066337696886,-0.026732270110951178,0.09083241421670095,0.06309439437579711,0.2274541245008103,0.02199855831910564,0.005672516942074219,-0.0006595235017290755,0.13492955038043752,-0.1093371689209783,0.15153929074473776,0.11402958442513571,0.07790738231416462,0.04962447433343324,-0.031909484549488144,-0.032206731630099114,0.09233987535447585,0.07582571810210248,-0.02174611286198335,0.03194736759335366,0.04642684119087321,-0.022508495445147984,0.20003774444385328,-0.011423772372249003,-0.008732801430370685,-0.010643866368981661,-0.01851072858337885,-0.023112351967771862,-0.012962067068279152,0.00841231544840185,0.046409322668885485,0.21021670839830386,0.019099958288738006,0.1107839742910309,0.14537950534909136,0.12135319600060729,0.10040659758385913,0.07018111571560516,0.08166589669648713,0.023732200616074617,0.003256783584254231,-0.0049427202035945104,0.016688202492632004,0.037190991557233065,0.1423810771017901,0.27745095157401606,0.014801487419653207,-0.016721657378652277,0.017728700045705113,-0.005621117243587571,0.06534664756535824,0.7366328998490299,-0.006670237647323176,0.1262317930116101,-0.012196930635453582,-0.020135323199165292,-0.025977199215302876,-0.020820618838491234,-0.011960648512530458,1.0,0.9467666450399439,-0.020135323199165292
pF_EmPoint_Emission_valinvsq,0.018456799505630297,0.0009167824198312695,-0.03622672140494549,-0.04114955779819293,-0.0429848693739595,-0.04345672949244114,-0.006752323017673563,0.09501902593477998,0.0960727077872074,0.22120671124221486,0.004363546882364848,-0.017245790990796976,-0.02365431676000566,0.08515817284767016,-0.07923199811282723,0.09015570911179244,0.06816444431119564,0.11548177595285744,0.035008498327178166,-0.020713651993887465,-0.017371959530406423,0.041007497207552916,0.02575581036666913,0.01064736764501458,0.06487455693284214,-0.004501764115210475,-0.013475863984102608,0.21633215319602087,-0.007922165964105101,-0.0067004218701666,-0.0081228437283861,-0.014023877867014872,0.0030170654072266727,0.007548864158774359,0.021268263591732305,0.04067872763170842,0.17460651721991943,0.017710882340250683,0.11442932296582772,0.15053790790474228,0.13954293264903309,0.11728655559798179,0.05770475744630569,0.10678569673711528,0.053425454262003895,0.0166887133487893,-0.004442348303923928,0.027285827392565545,0.05282488839215376,0.06350953063223187,0.2090443249920027,0.11200074840286302,0.011367121140667218,0.12278426804726386,0.01584521610348433,0.018343175962314853,0.8056734424656726,0.00015682143162521744,0.11383767546293704,-0.008227678687161802,0.00023876702414297134,-0.020152237240565224,-0.013215546280580316,-0.00899573556547268,0.9467666450399439,1.0,0.00023876702414297134
pG_EmAreaRaster_raster_val,0.3067761426956003,0.12114163844508398,-0.049879847517742604,0.35683710843943045,0.37716063500759384,0.41786107945621564,0.4684528866469262,0.32749051779321237,0.39428770583947215,0.4099790654489656,-0.27586244759723905,-0.2690941892202412,-0.15549389737945563,0.36618213164702534,-0.26309251586643306,-0.015075759878120074,0.24812644433777084,0.30568508098136044,-0.2788305385697133,-0.04564156125951167,-0.12032426083482713,-0.021700290364850605,-0.010359729840993964,0.2264404442446345,0.26040542303403025,0.048230187671926474,-0.0020073134761601544,0.40218347617259875,-0.004250700759061504,-0.019385003205004872,-0.013492487124196567,0.005800774787025041,0.9834714127500286,0.947676252094781,0.9190646512076249,0.8394686647315625,0.42984321057388486,-0.016906213422901956,0.09299831395186249,0.27726428482474325,0.5624011039598076,0.6588433644702553,0.6815347727527485,-0.007620704708723544,0.04278191211442748,0.09489755060552421,0.23689716523085005,0.3557853234006185,0.4488397887653355,-0.06216388083577181,0.3136703832664622,0.11193283029347756,0.19649059913202932,0.0699731783311277,0.17659015511784892,0.1228117300033008,-0.00431896318056046,-0.015611420153551698,0.16894444643982057,0.03167140413891603,1.0,-0.13267571608019363,0.055867398413701086,0.08464472518299807,-0.020135323199165292,0.00023876702414297134,1.0
